index,Sepal.Width*10,Petal.Length,other,Petal.Width,random
1,10,1.4,96,0.5,9.03
2,10,1.4,45,10,8.04
3,10,1.3,31,0.2,6.87
4,3.1,1.5,36,0.2,5.2
5,3.6,1.4,39,0.2,5.94
6,3.9,1.7,34,0.4,6.9
7,3.4,1.4,34,0.3,8.49
8,3.4,1.5,29,0.2,7.63
9,2.9,1.4,31,0.2,9.34
10,3.1,1.5,37,0.1,9.86
11,3.7,1.5,34,0.2,5.42
12,3.4,1.6,30,0.2,9.67
13,3,1.4,30,0.1,7.45
14,3,1.1,40,0.1,5.92
15,4,1.2,44,0.2,5.18
16,4.4,1.5,39,0.4,7.2
17,3.9,1.3,35,0.4,9.69
18,3.5,1.4,38,0.3,5.29
19,3.8,1.7,38,0.3,5.34
20,3.8,1.5,34,0.3,6.85
21,3.4,1.7,37,0.2,8.38
22,3.7,1.5,36,0.4,9.52
23,3.6,1,33,0.2,7.53
24,3.3,1.7,34,0.5,5.71
25,3.4,1.9,30,0.2,6.53
26,3,1.6,34,0.2,6.48
27,3.4,1.6,35,0.4,8.62
28,3.5,1.5,34,0.2,6.15
29,3.4,1.4,32,0.2,9.27
30,3.2,1.6,31,0.2,6.12
31,3.1,1.6,34,0.2,9.21
32,3.4,1.5,41,0.4,7.35
33,4.1,1.5,42,0.1,9.64
34,4.2,1.4,31,0.2,9.49
35,3.1,1.5,32,0.2,7.38
36,3.2,1.2,35,0.2,5.46
37,3.5,1.3,36,0.2,7.91
38,3.6,1.4,30,0.1,8.52
39,3,1.3,34,0.2,6.5
40,3.4,1.5,35,0.2,9.69
41,3.5,1.3,23,0.3,7.71
42,2.3,1.3,32,0.3,8.49
43,3.2,1.3,35,0.2,9.83
44,3.5,1.6,38,0.6,7.18
45,3.8,1.9,30,0.4,7.96
46,3,1.4,38,0.3,8.06
47,3.8,1.6,32,0.2,5.61
48,3.2,1.4,37,0.2,5.39
49,3.7,1.5,33,0.2,6.03
50,3.3,1.4,32,0.2,5.71
51,3.2,4.7,32,1.4,7.9
52,3.2,4.5,31,1.5,5.24
53,3.1,4.9,23,1.5,6.38
54,2.3,4,28,1.3,7.15
55,2.8,4.6,28,1.5,7.68
56,2.8,4.5,33,1.3,6.79
57,3.3,4.7,24,1.6,7.46
58,2.4,3.3,29,1,5.94
59,2.9,4.6,27,1.3,9.28
60,2.7,3.9,20,1.4,5.17
61,2,3.5,30,1,9.68
62,3,4.2,22,1.5,7.88
63,2.2,4,29,1,9.49
64,2.9,4.7,29,1.4,7.01
65,2.9,3.6,31,1.3,6.9
66,3.1,4.4,30,1.4,6.28
67,3,4.5,27,1.5,7.33
68,2.7,4.1,22,1,8.74
69,2.2,4.5,25,1.5,5.12
70,2.5,3.9,32,1.1,5.98
71,3.2,4.8,28,1.8,9.19
72,2.8,4,25,1.3,8.39
73,2.5,4.9,28,1.5,6.72
74,2.8,4.7,29,1.2,5.48
75,2.9,4.3,30,1.3,7.91
76,3,4.4,28,1.4,5.55
77,2.8,4.8,30,1.4,5.21
78,3,5,29,1.7,7.46
79,2.9,4.5,26,1.5,5.87
80,2.6,3.5,24,1,7.94
81,2.4,3.8,24,1.1,8.49
82,2.4,3.7,27,1,5.24
83,2.7,3.9,27,1.2,5.15
84,2.7,5.1,30,1.6,7.31
85,3,4.5,34,1.5,8.38
86,3.4,4.5,31,1.6,7.57
87,3.1,4.7,23,1.5,8.11
88,2.3,4.4,30,1.3,6.31
89,3,4.1,25,1.3,9.69
90,2.5,4,26,1.3,9.26
91,2.6,4.4,30,1.2,8.97
92,3,4.6,26,1.4,6.84
93,2.6,4,23,1.2,7.48
94,2.3,3.3,27,1,5.3
95,2.7,4.2,30,1.3,7.99
96,3,4.2,29,1.2,7.27
97,2.9,4.2,29,1.3,8.18
98,2.9,4.3,25,1.3,5.72
99,2.5,3,28,1.1,9.14
100,2.8,4.1,33,1.3,8.63
101,3.3,6,27,2.5,6.22
102,2.7,5.1,30,1.9,8.49
103,3,5.9,29,2.1,8.55
104,2.9,5.6,30,1.8,5.51
105,3,5.8,30,2.2,9.83
106,3,6.6,25,2.1,7.62
107,2.5,4.5,29,1.7,5.57
108,2.9,6.3,25,1.8,7.48
109,2.5,5.8,36,1.8,6.86
110,3.6,6.1,32,2.5,5.86
111,3.2,5.1,27,2,9.27
112,2.7,5.3,30,1.9,8.41
113,3,5.5,25,2.1,9.72
114,2.5,5,28,2,5.39
115,2.8,5.1,32,2.4,7.53
116,3.2,5.3,30,2.3,5.35
117,3,5.5,38,1.8,8.99
118,3.8,6.7,26,2.2,6.87
119,2.6,6.9,22,2.3,7.59
120,2.2,5,32,1.5,9.29
121,3.2,5.7,28,2.3,7.84
122,2.8,4.9,28,2,6.74
123,2.8,6.7,27,2,8.18
124,2.7,4.9,33,1.8,8.74
125,3.3,5.7,32,2.1,8.77
126,3.2,6,28,1.8,7.97
127,2.8,4.8,30,1.8,7.78
128,3,4.9,28,1.8,7.23
129,2.8,5.6,30,2.1,7.15
130,3,5.8,28,1.6,6.81
131,2.8,6.1,38,1.9,7.42
132,3.8,6.4,28,2,7.28
133,2.8,5.6,28,2.2,5.91
134,2.8,5.1,26,1.5,8.51
135,2.6,5.6,30,1.4,8.94
136,3,6.1,34,2.3,8.35
137,3.4,5.6,31,2.4,9.59
138,3.1,5.5,30,1.8,7.64
139,3,4.8,31,1.8,5.23
140,3.1,5.4,31,2.1,9.7
141,3.1,5.6,31,2.4,5.73
142,3.1,5.1,27,2.3,6.15
143,2.7,5.1,32,1.9,7.47
144,3.2,5.9,33,2.3,6.19
145,3.3,5.7,30,2.5,6.59
146,3,5.2,25,2.3,9.25
147,2.5,5,30,1.9,6.54
148,3,5.2,34,2,5.18
149,3.4,5.4,30,2.3,5.57
150,3,5.1,31,1.8,6.8
151,3,5.1,32,1.8,7.36
152,3,5.1,33,1.8,6.29
153,3,5.1,34,1.8,8.18
154,3,5.1,35,1.8,8.71
155,3,5.1,36,1.8,8.09
156,3,5.1,37,1.8,9.74
157,3,5.1,38,1.8,6.02
158,3,5.1,39,1.8,5.15
159,3,5.1,40,1.8,7.38
160,3,5.1,41,1.8,9.12
161,3,5.1,42,1.8,8.89
162,3,5.1,43,1.8,5.82
163,3,5.1,44,1.8,7.98
164,3,5.1,45,1.8,9.39
165,3,5.1,46,1.8,8.42
166,3,5.1,47,1.8,7.15
167,3,5.1,48,1.8,6.78
168,3,5.1,49,1.8,6.44
169,3,5.1,50,1.8,7.6
170,3,5.1,51,1.8,7.84
171,3,5.1,52,1.8,8.99
172,3,5.1,53,1.8,7.41
173,3,5.1,54,1.8,9.38
174,3,5.1,55,1.8,7.01
175,3,5.1,56,1.8,9.54
176,3,5.1,57,1.8,7.45
177,3.8,6.7,26,2.2,5.57
178,4.8,7.7,27,26,9.69
179,5.8,8.7,28,27,8.99
180,6.8,9.7,29,28,5.25
181,7.8,10.7,30,29,7.44
182,8.8,11.7,31,30,6.21
183,9.8,12.7,32,31,9.61
184,10.8,13.7,33,32,8.93
185,11.8,14.7,34,33,9.56
186,12.8,15.7,35,34,9.5
187,13.8,16.7,36,35,8.29
188,14.8,17.7,37,36,8.51
189,15.8,18.7,38,37,8.05
190,16.8,19.7,39,38,8.39
191,17.8,20.7,40,39,5.12
192,18.8,21.7,41,40,6.39
193,19.8,22.7,42,41,7.84
194,20.8,23.7,43,42,7.37
195,21.8,24.7,44,43,8.97
196,22.8,25.7,45,44,9.08
197,23.8,26.7,46,45,9.02
198,24.8,27.7,47,46,9.03
199,25.8,28.7,48,47,7.38
200,26.8,29.7,49,48,9.23
201,27.8,30.7,50,49,7.88
202,28.8,31.7,51,50,7.72
203,29.8,32.7,52,51,5.26
204,30.8,33.7,53,52,9.18
205,31.8,34.7,54,53,7.38
206,32.8,35.7,55,54,8.42
207,33.8,36.7,56,55,6.79
208,34.8,37.7,57,56,8.18
209,35.8,38.7,58,57,5.14
210,36.8,39.7,59,58,5.31
211,37.8,40.7,60,59,8.78
212,38.8,41.7,61,60,8.91
213,39.8,42.7,62,61,7.57
214,40.8,43.7,63,62,6.57
215,41.8,44.7,64,63,6.98
216,42.8,45.7,65,64,5.1
217,43.8,46.7,66,65,5.39
218,44.8,47.7,67,66,9.39
219,45.8,48.7,68,67,7.48
220,46.8,49.7,69,68,7.23
221,47.8,50.7,70,69,5.29
222,48.8,51.7,71,70,8.47
223,49.8,52.7,72,71,6.94
224,50.8,53.7,73,72,5.87
225,51.8,54.7,74,73,7.92
226,52.8,55.7,75,74,5.62
227,53.8,56.7,76,75,8.85
228,54.8,57.7,77,76,6.64
229,55.8,58.7,78,77,8.23
230,56.8,59.7,79,78,5.18
231,57.8,60.7,80,79,8.46
232,58.8,61.7,81,80,5.36
233,59.8,62.7,82,81,5.54
234,60.8,63.7,83,82,5.31
235,61.8,64.7,84,83,6.53
236,62.8,65.7,85,84,9.63
237,63.8,66.7,86,85,9.52
238,64.8,67.7,87,86,9.39
239,65.8,68.7,88,87,8.71
240,66.8,69.7,89,88,6.51
241,67.8,70.7,90,89,6.32
242,68.8,71.7,91,90,6.48
243,69.8,72.7,92,91,8.03
244,70.8,73.7,93,92,7.24
245,71.8,74.7,94,93,9.53
246,72.8,75.7,95,94,8.36
247,73.8,76.7,96,95,8.3
248,74.8,77.7,97,96,9.11
249,75.8,78.7,98,97,9.35
250,76.8,79.7,99,98,7.44
251,77.8,80.7,100,99,5.61
252,78.8,81.7,101,100,5.76
253,79.8,82.7,102,101,6.27
254,80.8,83.7,103,102,8.66
255,81.8,84.7,104,103,6.29
256,82.8,85.7,105,104,8.44
257,83.8,86.7,106,105,9.81
258,84.8,87.7,107,106,6.09
259,85.8,88.7,108,107,8.52
260,86.8,89.7,109,108,8.35
261,87.8,90.7,110,109,6.45
262,88.8,91.7,111,110,5.91
263,89.8,92.7,112,111,5.29
264,90.8,93.7,113,112,8.02
265,91.8,94.7,114,113,6.31
266,92.8,95.7,115,114,9.28
267,93.8,96.7,116,115,5.54
268,94.8,97.7,117,116,7.74
269,95.8,98.7,118,117,6.77
270,96.8,99.7,119,118,6.4
271,97.8,100.7,120,119,7.23
272,98.8,101.7,26,120,7.42
273,99.8,102.7,27,121,8.07
274,100.8,103.7,28,122,5.98
275,101.8,104.7,29,123,8.27
276,102.8,105.7,30,124,8.47
277,103.8,106.7,31,125,8.82
278,104.8,107.7,32,126,8.04
279,105.8,108.7,33,127,9.68
280,106.8,109.7,34,128,8.08
281,107.8,110.7,35,129,6.63
282,108.8,111.7,36,130,7.84
283,109.8,112.7,37,131,6.31
284,110.8,113.7,38,132,9.53
285,111.8,114.7,39,133,6.33
286,112.8,115.7,40,134,5.6
287,113.8,116.7,41,135,7.28
288,114.8,117.7,42,136,9.81
289,115.8,118.7,43,137,8.16
290,116.8,119.7,44,138,9.48
291,117.8,120.7,45,139,9.74
292,118.8,121.7,46,140,9.89
293,119.8,122.7,47,141,6.87
294,120.8,123.7,48,142,8.36
295,121.8,124.7,49,143,6.84
296,122.8,125.7,50,144,9.77
297,123.8,126.7,51,145,9.36
298,124.8,127.7,52,146,6.01
299,125.8,128.7,53,147,8.11
300,126.8,129.7,54,148,8.32
301,127.8,130.7,55,149,7.68
302,128.8,131.7,56,150,6.73
303,129.8,132.7,57,151,8.8
304,130.8,133.7,58,152,6.94
305,131.8,134.7,59,153,5.93
306,132.8,135.7,60,154,5.19
307,133.8,136.7,61,155,6.67
308,134.8,137.7,62,156,5.77
309,135.8,138.7,63,157,9.24
310,136.8,139.7,64,158,8.34
311,137.8,140.7,65,159,6.49
312,138.8,141.7,66,160,5.55
313,139.8,142.7,67,161,5.22
314,140.8,143.7,68,162,6.27
315,141.8,144.7,69,163,6.79
316,142.8,145.7,70,164,6.34
317,143.8,146.7,71,165,6.24
318,144.8,147.7,72,166,8.43
319,145.8,148.7,73,167,8.25
320,146.8,149.7,74,168,9.54
321,147.8,150.7,75,169,8.23
322,148.8,151.7,76,170,9.33
323,149.8,152.7,77,171,5.85
324,150.8,153.7,78,172,9.51
325,151.8,154.7,79,173,5.53
326,152.8,155.7,80,174,7.1
327,153.8,156.7,81,175,6.52
328,154.8,157.7,82,176,6.2
329,155.8,158.7,83,177,6.98
330,156.8,159.7,84,178,6.04
331,157.8,160.7,85,179,7.82
332,158.8,161.7,86,180,8.94
333,159.8,162.7,87,181,8.55
334,160.8,163.7,88,182,6.17
335,161.8,164.7,89,183,6.98
336,162.8,165.7,90,184,5.78
337,163.8,166.7,91,185,8.02
338,164.8,167.7,92,186,7.53
339,165.8,168.7,93,187,6.24
340,166.8,169.7,94,188,9.08
341,167.8,170.7,95,189,6.47
342,168.8,171.7,96,190,6.77
343,169.8,172.7,97,191,8.72
344,170.8,173.7,98,192,8.13
345,171.8,174.7,99,193,7.08
346,172.8,175.7,100,194,5.76
347,173.8,176.7,101,195,5.78
348,174.8,177.7,102,196,9.8
349,175.8,178.7,103,197,9.32
350,176.8,179.7,104,198,6.05
351,177.8,180.7,105,199,7.98
352,178.8,181.7,106,200,6.14
353,179.8,182.7,107,201,8.01
354,180.8,183.7,108,202,9.42
355,181.8,184.7,109,203,9.87
356,182.8,185.7,110,204,7.06
357,183.8,186.7,111,205,7.14
358,184.8,187.7,112,206,6.08
359,185.8,188.7,113,207,7.31
360,186.8,189.7,114,208,5.42
361,187.8,190.7,115,209,5.8
362,188.8,191.7,116,210,5.87
363,189.8,192.7,117,211,6.48
364,190.8,193.7,118,212,6.83
365,191.8,194.7,119,213,6.82
366,192.8,195.7,120,214,5.26
367,193.8,196.7,26,215,8.5
368,194.8,197.7,27,216,7.06
369,195.8,198.7,28,217,5.97
370,196.8,199.7,29,218,7.2
371,197.8,200.7,30,219,9.14
372,198.8,201.7,31,220,5.1
373,199.8,202.7,32,221,9.21
374,200.8,203.7,33,222,8.05
375,201.8,204.7,34,223,8.41
376,202.8,205.7,35,224,6.11
377,203.8,206.7,36,225,5.98
378,204.8,207.7,37,226,9.76
379,205.8,208.7,38,227,6.95
380,206.8,209.7,39,228,9.23
381,207.8,210.7,40,229,8.35
382,208.8,211.7,41,230,8.18
383,209.8,212.7,42,231,5.39
384,210.8,213.7,43,232,9.9
385,211.8,214.7,44,233,6.26
386,212.8,215.7,45,234,6.73
387,213.8,216.7,46,235,8.86
388,214.8,217.7,47,236,6.59
389,215.8,218.7,48,237,5.63
390,216.8,219.7,49,238,7.27
391,217.8,220.7,50,239,6.56
392,218.8,221.7,51,240,9.45
393,219.8,222.7,52,241,9.42
394,220.8,223.7,53,242,5.33
395,221.8,224.7,54,243,7.44
396,222.8,225.7,55,244,9.13
397,223.8,226.7,56,245,9.65
398,224.8,227.7,57,246,6.78
399,225.8,228.7,58,247,5.24
400,226.8,229.7,59,248,6.23
401,227.8,230.7,60,249,8.77
402,228.8,231.7,61,250,6.65
403,229.8,232.7,62,251,9.88
404,230.8,233.7,63,252,9.83
405,231.8,234.7,64,253,9.61
406,232.8,235.7,65,254,9.88
407,233.8,236.7,66,255,8.03
408,234.8,237.7,67,256,7.24
409,235.8,238.7,68,257,6.91
410,236.8,239.7,69,258,6.96
411,237.8,240.7,70,259,5.27
412,238.8,241.7,71,260,8.02
413,239.8,242.7,72,261,9.87
414,240.8,243.7,73,262,8.42
415,241.8,244.7,74,263,5.95
416,242.8,245.7,75,264,7.34
417,243.8,246.7,76,265,7.97
418,244.8,247.7,77,266,5.18
419,245.8,248.7,78,267,5.21
420,246.8,249.7,79,268,8.28
421,247.8,250.7,80,269,7.98
422,248.8,251.7,81,270,5.37
423,249.8,252.7,82,271,7.67
424,250.8,253.7,83,272,6.41
425,251.8,254.7,84,273,9.51
426,252.8,255.7,85,274,5.5
427,253.8,256.7,86,275,9.28
428,254.8,257.7,87,276,8.77
429,255.8,258.7,88,277,9.78
430,256.8,259.7,89,278,7.67
431,257.8,260.7,90,279,6.87
432,258.8,261.7,91,280,6.23
433,259.8,262.7,92,281,8.04
434,260.8,263.7,93,282,8.48
435,261.8,264.7,94,283,6.74
436,262.8,265.7,95,284,9.85
437,263.8,266.7,96,285,5.89
438,264.8,267.7,97,286,5.84
439,265.8,268.7,98,287,8.68
440,266.8,269.7,99,288,7.21
441,267.8,270.7,100,289,8.17
442,268.8,271.7,101,290,6.45
443,269.8,272.7,102,291,6.94
444,270.8,273.7,103,292,9.58
445,271.8,274.7,104,293,5.38
446,272.8,275.7,105,294,7.56
447,273.8,276.7,106,295,8.99
448,274.8,277.7,107,296,5.5
449,275.8,278.7,108,297,9.22
450,276.8,279.7,109,298,5.8
451,277.8,280.7,110,299,8.16
452,278.8,281.7,111,300,8.86
453,279.8,282.7,112,301,7.57
454,280.8,283.7,113,302,7.47
455,281.8,284.7,114,303,9.76
456,282.8,285.7,115,304,7.25
457,283.8,286.7,116,305,9.61
458,284.8,287.7,117,306,9.61
459,285.8,288.7,118,307,5.56
460,286.8,289.7,119,308,8.08
461,287.8,290.7,120,309,5.71
462,288.8,291.7,26,310,8.33
463,289.8,292.7,27,311,8.92
464,290.8,293.7,28,312,8.43
465,291.8,294.7,29,313,5.21
466,292.8,295.7,30,314,8.39
467,293.8,296.7,31,315,9.73
468,294.8,297.7,32,316,7.03
469,295.8,298.7,33,317,5.45
470,296.8,299.7,34,318,7.66
471,297.8,300.7,35,319,9.6
472,298.8,301.7,36,320,8.92
473,299.8,302.7,37,321,7.11
474,300.8,303.7,38,322,7.76
475,301.8,304.7,39,323,9.15
476,302.8,305.7,40,324,8.63
477,303.8,306.7,41,325,6.32
478,304.8,307.7,42,326,5.4
479,305.8,308.7,43,327,5.19
480,306.8,309.7,44,328,9.22
481,307.8,310.7,45,329,7.94
482,308.8,311.7,46,330,8.69
483,309.8,312.7,47,331,9.3
484,310.8,313.7,48,332,9.69
485,311.8,314.7,49,333,8.71
486,312.8,315.7,50,334,6.39
487,313.8,316.7,51,335,8.56
488,314.8,317.7,52,336,5.41
489,315.8,318.7,53,337,5.66
490,316.8,319.7,54,338,7.84
491,317.8,320.7,55,339,9.67
492,318.8,321.7,56,340,6.72
493,319.8,322.7,57,341,5.37
494,320.8,323.7,58,342,9.53
495,321.8,324.7,59,343,6.81
496,322.8,325.7,60,344,8.4
497,323.8,326.7,61,345,6.59
498,324.8,327.7,62,346,8.83
499,325.8,328.7,63,347,8.97
500,326.8,329.7,64,348,7.49
501,327.8,330.7,65,349,7.02
502,328.8,331.7,66,350,6.48
503,329.8,332.7,67,351,7.43
504,330.8,333.7,68,352,7.35
505,331.8,334.7,69,353,6.62
506,332.8,335.7,70,354,5.91
507,333.8,336.7,71,355,7.91
508,334.8,337.7,72,356,8.04
509,335.8,338.7,73,357,5.15
510,336.8,339.7,74,358,8.11
511,337.8,340.7,75,359,9.06
512,338.8,341.7,76,360,8.8
513,339.8,342.7,77,361,7.99
514,340.8,343.7,78,362,6.87
515,341.8,344.7,79,363,7.54
516,342.8,345.7,80,364,9.22
517,343.8,346.7,81,365,5.33
518,344.8,347.7,82,366,8.51
519,345.8,348.7,83,367,8.69
520,346.8,349.7,84,368,5.19
521,347.8,350.7,85,369,8
522,348.8,351.7,86,370,6.88
523,349.8,352.7,87,371,5.29
524,350.8,353.7,88,372,6.68
525,351.8,354.7,89,373,5.5
526,352.8,355.7,90,374,6.15
527,353.8,356.7,91,375,9.7
528,354.8,357.7,92,376,5.52
529,355.8,358.7,93,377,9.39
530,356.8,359.7,94,378,5.42
531,357.8,360.7,95,379,6.03
532,358.8,361.7,96,380,9.79
533,359.8,362.7,97,381,8.48
534,360.8,363.7,98,382,7.21
535,361.8,364.7,99,383,5.9
536,362.8,365.7,100,384,9.76
537,363.8,366.7,101,385,6.03
538,364.8,367.7,102,386,8.77
539,365.8,368.7,103,387,8.97
540,366.8,369.7,104,388,8.23
541,367.8,370.7,105,389,6.6
542,368.8,371.7,106,390,7.12
543,369.8,372.7,107,391,6.56
544,370.8,373.7,108,392,9.72
545,371.8,374.7,109,393,7.65
546,372.8,375.7,110,394,6.06
547,373.8,376.7,111,395,6.32
548,374.8,377.7,112,396,8.98
549,375.8,378.7,113,397,6.23
550,376.8,379.7,114,398,6.98
551,377.8,380.7,115,399,9.42
552,378.8,381.7,116,400,8.53
553,379.8,382.7,117,401,6.32
554,380.8,383.7,118,402,7.39
555,381.8,384.7,119,403,5.78
556,382.8,385.7,120,404,6.99
557,383.8,386.7,26,405,9.09
558,384.8,387.7,27,406,8.17
559,385.8,388.7,28,407,7.17
560,386.8,389.7,29,408,7.02
561,387.8,390.7,30,409,9.8
562,388.8,391.7,31,410,7.87
563,389.8,392.7,32,411,5.67
564,390.8,393.7,33,412,5.83
565,391.8,394.7,34,413,6.64
566,392.8,395.7,35,414,7.23
567,393.8,396.7,36,415,8.02
568,394.8,397.7,37,416,6.63
569,395.8,398.7,38,417,7.62
570,396.8,399.7,39,418,6
571,397.8,400.7,40,419,6.58
572,398.8,401.7,41,420,6.55
573,399.8,402.7,42,421,9.23
574,400.8,403.7,43,422,6.34
575,401.8,404.7,44,423,9.36
576,402.8,405.7,45,424,9.4
577,403.8,406.7,46,425,7.87
578,404.8,407.7,47,426,5.16
579,405.8,408.7,48,427,9.89
580,406.8,409.7,49,428,6.06
581,407.8,410.7,50,429,9.9
582,408.8,411.7,51,430,7.37
583,409.8,412.7,52,431,9.74
584,410.8,413.7,53,432,9.49
585,411.8,414.7,54,433,9.35
586,412.8,415.7,55,434,9.87
587,413.8,416.7,56,435,9.15
588,414.8,417.7,57,436,7.5
589,415.8,418.7,58,437,7.69
590,416.8,419.7,59,438,9.07
591,417.8,420.7,60,439,5.58
592,418.8,421.7,61,440,6.23
593,419.8,422.7,62,441,6.77
594,420.8,423.7,63,442,5.84
595,421.8,424.7,64,443,8.17
596,422.8,425.7,65,444,8.72
597,423.8,426.7,66,445,5.64
598,424.8,427.7,67,446,5.81
599,425.8,428.7,68,447,5.25
600,426.8,429.7,69,448,9.26
601,427.8,430.7,70,449,9.62
602,428.8,431.7,71,450,6.53
603,429.8,432.7,72,451,8.26
604,430.8,433.7,73,452,6.38
605,431.8,434.7,74,453,9.22
606,432.8,435.7,75,454,5.96
607,433.8,436.7,76,455,7.7
608,434.8,437.7,77,456,6.71
609,435.8,438.7,78,457,8.41
610,436.8,439.7,79,458,9.78
611,437.8,440.7,80,459,5.75
612,438.8,441.7,81,460,8.5
613,439.8,442.7,82,461,7.83
614,440.8,443.7,83,462,8.79
615,441.8,444.7,84,463,7.95
616,442.8,445.7,85,464,5.13
617,443.8,446.7,86,465,6.63
618,444.8,447.7,87,466,9.71
619,445.8,448.7,88,467,6.95
620,446.8,449.7,89,468,7
621,447.8,450.7,90,469,9.7
622,448.8,451.7,91,470,8.59
623,449.8,452.7,92,471,6.33
624,450.8,453.7,93,472,9.09
625,451.8,454.7,94,473,5.79
626,452.8,455.7,95,474,6.06
627,453.8,456.7,96,475,8.98
628,454.8,457.7,97,476,7.1
629,455.8,458.7,98,477,5.66
630,456.8,459.7,99,478,5.71
631,457.8,460.7,100,479,6.66
632,458.8,461.7,101,480,7.21
633,459.8,462.7,102,481,9.39
634,460.8,463.7,103,482,6.11
635,461.8,464.7,104,483,8.89
636,462.8,465.7,105,484,8.45
637,463.8,466.7,106,485,5.55
638,464.8,467.7,107,486,7.89
639,465.8,468.7,108,487,7.39
640,466.8,469.7,109,488,5.8
641,467.8,470.7,110,489,6
642,468.8,471.7,111,490,9.48
643,469.8,472.7,112,491,8.28
644,470.8,473.7,113,492,7.96
645,471.8,474.7,114,493,7.35
646,472.8,475.7,115,494,7.51
647,473.8,476.7,116,495,7.9
648,474.8,477.7,117,496,5.88
649,475.8,478.7,118,497,7.92
650,476.8,479.7,119,498,5.27
651,477.8,480.7,120,499,9.63
652,478.8,481.7,26,500,5.47
653,479.8,482.7,27,501,5.17
654,480.8,483.7,28,502,7.34
655,481.8,484.7,29,503,5.15
656,482.8,485.7,30,504,9.48
657,483.8,486.7,31,505,9.37
658,484.8,487.7,32,506,7.6
659,485.8,488.7,33,507,7.97
660,486.8,489.7,34,508,9.78
661,487.8,490.7,35,509,7.36
662,488.8,491.7,36,510,7.93
663,489.8,492.7,37,511,9.04
664,490.8,493.7,38,512,5.6
665,491.8,494.7,39,513,9.19
666,492.8,495.7,40,514,8.91
667,493.8,496.7,41,515,9.88
668,494.8,497.7,42,516,8.08
669,495.8,498.7,43,517,7.44
670,496.8,499.7,44,518,8
671,497.8,500.7,45,519,8.53
672,498.8,501.7,46,520,9.73
673,499.8,502.7,47,521,9.77
674,500.8,503.7,48,522,7.64
675,501.8,504.7,49,523,5.42
676,502.8,505.7,50,524,9.53
677,503.8,506.7,51,525,6.42
678,504.8,507.7,52,526,7.02
679,505.8,508.7,53,527,5.64
680,506.8,509.7,54,528,8.79
681,507.8,510.7,55,529,5.17
682,508.8,511.7,56,530,7.76
683,509.8,512.7,57,531,8.81
684,510.8,513.7,58,532,8.89
685,511.8,514.7,59,533,8.41
686,512.8,515.7,60,534,8.48
687,513.8,516.7,61,535,8.63
688,514.8,517.7,62,536,8.33
689,515.8,518.7,63,537,8.67
690,516.8,519.7,64,538,9.49
691,517.8,520.7,65,539,6.84
692,518.8,521.7,66,540,9.53
693,519.8,522.7,67,541,8.85
694,520.8,523.7,68,542,8.59
695,521.8,524.7,69,543,9.04
696,522.8,525.7,70,544,8.72
697,523.8,526.7,71,545,6.11
698,524.8,527.7,72,546,7.1
699,525.8,528.7,73,547,8.81
700,526.8,529.7,74,548,7.97
701,527.8,530.7,75,549,5.23
702,528.8,531.7,76,550,7.25
703,529.8,532.7,77,551,9.03
704,530.8,533.7,78,552,5.47
705,531.8,534.7,79,553,7.56
706,532.8,535.7,80,554,6.56
707,533.8,536.7,81,555,7.4
708,534.8,537.7,82,556,6.63
709,535.8,538.7,83,557,8.42
710,536.8,539.7,84,558,6.64
711,537.8,540.7,85,559,5.45
712,538.8,541.7,86,560,7.16
713,539.8,542.7,87,561,8.6
714,540.8,543.7,88,562,6.63
715,541.8,544.7,89,563,6.8
716,542.8,545.7,90,564,5.21
717,543.8,546.7,91,565,9.66
718,544.8,547.7,92,566,9.72
719,545.8,548.7,93,567,8.18
720,546.8,549.7,94,568,7.01
721,547.8,550.7,95,569,6.49
722,548.8,551.7,96,570,8.33
723,549.8,552.7,97,571,6.33
724,550.8,553.7,98,572,6.96
725,551.8,554.7,99,573,8.93
726,552.8,555.7,100,574,5.75
727,553.8,556.7,101,575,7
728,554.8,557.7,102,576,8.86
729,555.8,558.7,103,577,7.51
730,556.8,559.7,104,578,6.63
731,557.8,560.7,105,579,7.36
732,558.8,561.7,106,580,6.12
733,559.8,562.7,107,581,7.55
734,560.8,563.7,108,582,9.22
735,561.8,564.7,109,583,8.12
736,562.8,565.7,110,584,7.26
737,563.8,566.7,111,585,9.23
738,564.8,567.7,112,586,8.99
739,565.8,568.7,113,587,8.8
740,566.8,569.7,114,588,8.41
741,567.8,570.7,115,589,8.31
742,568.8,571.7,116,590,9.12
743,569.8,572.7,117,591,7.96
744,570.8,573.7,118,592,6.26
745,571.8,574.7,119,593,8.5
746,572.8,575.7,120,594,6.72
747,573.8,576.7,26,595,5.34
748,574.8,577.7,27,596,8.85
749,575.8,578.7,28,597,8.79
750,576.8,579.7,29,598,5.91
751,577.8,580.7,30,599,6.35
752,578.8,581.7,31,600,8.22
753,579.8,582.7,32,601,6.08
754,580.8,583.7,33,602,9.28
755,581.8,584.7,34,603,5.49
756,582.8,585.7,35,604,8.99
757,583.8,586.7,36,605,7.72
758,584.8,587.7,37,606,8.5
759,585.8,588.7,38,607,6.26
760,586.8,589.7,39,608,5.98
761,587.8,590.7,40,609,7.56
762,588.8,591.7,41,610,6.11
763,589.8,592.7,42,611,8.46
764,590.8,593.7,43,612,7.31
765,591.8,594.7,44,613,9.14
766,592.8,595.7,45,614,8.82
767,593.8,596.7,46,615,8.94
768,594.8,597.7,47,616,9.74
769,595.8,598.7,48,617,9.82
770,596.8,599.7,49,618,6.17
771,597.8,600.7,50,619,5.62
772,598.8,601.7,51,620,6.64
773,599.8,602.7,52,621,6.03
774,600.8,603.7,53,622,5.48
775,601.8,604.7,54,623,8.38
776,602.8,605.7,55,624,7.01
777,603.8,606.7,56,625,5.94
778,604.8,607.7,57,626,8.92
779,605.8,608.7,58,627,7.31
780,606.8,609.7,59,628,8.98
781,607.8,610.7,60,629,7.57
782,608.8,611.7,61,630,6.09
783,609.8,612.7,62,631,9
784,610.8,613.7,63,632,8.05
785,611.8,614.7,64,633,5.95
786,612.8,615.7,65,634,7.26
787,613.8,616.7,66,635,5.75
788,614.8,617.7,67,636,9.29
789,615.8,618.7,68,637,6.7
790,616.8,619.7,69,638,8.86
791,617.8,620.7,70,639,8.12
792,618.8,621.7,71,640,7.73
793,619.8,622.7,72,641,7.58
794,620.8,623.7,73,642,9.82
795,621.8,624.7,74,643,8.16
796,622.8,625.7,75,644,5.3
797,623.8,626.7,76,645,5.56
798,624.8,627.7,77,646,5.21
799,625.8,628.7,78,647,9.72
800,626.8,629.7,79,648,7.12
801,627.8,630.7,80,649,8.1
802,628.8,631.7,81,650,8.47
803,629.8,632.7,82,651,6.68
804,630.8,633.7,83,652,6.06
805,631.8,634.7,84,653,5.67
806,632.8,635.7,85,654,5.63
807,633.8,636.7,86,655,5.14
808,634.8,637.7,87,656,8.07
809,635.8,638.7,88,657,8.76
810,636.8,639.7,89,658,5.22
811,637.8,640.7,90,659,9.3
812,638.8,641.7,91,660,8.14
813,639.8,642.7,92,661,6.1
814,640.8,643.7,93,662,7.6
815,641.8,644.7,94,663,8.58
816,642.8,645.7,95,664,5.88
817,643.8,646.7,96,665,8.16
818,644.8,647.7,97,666,8.14
819,645.8,648.7,98,667,9.54
820,646.8,649.7,99,668,8.68
821,647.8,650.7,100,669,5.67
822,648.8,651.7,101,670,6.67
823,649.8,652.7,102,671,9.26
824,650.8,653.7,103,672,9.66
825,651.8,654.7,104,673,7.99
826,652.8,655.7,105,674,7.39
827,653.8,656.7,106,675,5.77
828,654.8,657.7,107,676,5.95
829,655.8,658.7,108,677,8.08
830,656.8,659.7,109,678,9.16
831,657.8,660.7,110,679,9.67
832,658.8,661.7,111,680,8.62
833,659.8,662.7,112,681,6.08
834,660.8,663.7,113,682,6.97
835,661.8,664.7,114,683,7.1
836,662.8,665.7,115,684,5.75
837,663.8,666.7,116,685,8.38
838,664.8,667.7,117,686,7.24
839,665.8,668.7,118,687,8.16
840,666.8,669.7,119,688,9.7
841,667.8,670.7,120,689,8.25
842,668.8,671.7,26,690,9.53
843,669.8,672.7,27,691,6.86
844,670.8,673.7,28,692,5.55
845,671.8,674.7,29,693,5.22
846,672.8,675.7,30,694,9.69
847,673.8,676.7,31,695,8.2
848,674.8,677.7,32,696,7.67
849,675.8,678.7,33,697,9.79
850,676.8,679.7,34,698,6.3
851,677.8,680.7,35,699,9.55
852,678.8,681.7,36,700,8.14
853,679.8,682.7,37,701,6.9
854,680.8,683.7,38,702,8.08
855,681.8,684.7,39,703,5.32
856,682.8,685.7,40,704,5.91
857,683.8,686.7,41,705,9.73
858,684.8,687.7,42,706,9.39
859,685.8,688.7,43,707,6.33
860,686.8,689.7,44,708,8.85
861,687.8,690.7,45,709,5.99
862,688.8,691.7,46,710,6.14
863,689.8,692.7,47,711,6.39
864,690.8,693.7,48,712,6.29
865,691.8,694.7,49,713,7.26
866,692.8,695.7,50,714,6.96
867,693.8,696.7,51,715,6.87
868,694.8,697.7,52,716,6.72
869,695.8,698.7,53,717,5.86
870,696.8,699.7,54,718,9.75
871,697.8,700.7,55,719,9.81
872,698.8,701.7,56,720,6.33
873,699.8,702.7,57,721,8.32
874,700.8,703.7,58,722,7.72
875,701.8,704.7,59,723,7.16
876,702.8,705.7,60,724,9.65
877,703.8,706.7,61,725,6
878,704.8,707.7,62,726,5.12
879,705.8,708.7,63,727,6.21
880,706.8,709.7,64,728,9.83
881,707.8,710.7,65,729,7.32
882,708.8,711.7,66,730,7.79
883,709.8,712.7,67,731,9.87
884,710.8,713.7,68,732,5.23
885,711.8,714.7,69,733,7.91
886,712.8,715.7,70,734,8.42
887,713.8,716.7,71,735,8.58
888,714.8,717.7,72,736,5.51
889,715.8,718.7,73,737,6.12
890,716.8,719.7,74,738,6.24
891,717.8,720.7,75,739,9.69
892,718.8,721.7,76,740,8.26
893,719.8,722.7,77,741,8.82
894,720.8,723.7,78,742,6.01
895,721.8,724.7,79,743,5.28
896,722.8,725.7,80,744,6.09
897,723.8,726.7,81,745,9.85
898,724.8,727.7,82,746,8.43
899,725.8,728.7,83,747,6.24
900,726.8,729.7,84,748,9.01
901,727.8,730.7,85,749,8.54
902,728.8,731.7,86,750,8.34
903,729.8,732.7,87,751,8.55
904,730.8,733.7,88,752,6.32
905,731.8,734.7,89,753,8.51
906,732.8,735.7,90,754,5.48
907,733.8,736.7,91,755,7.27
908,734.8,737.7,92,756,6.25
909,735.8,738.7,93,757,5.24
910,736.8,739.7,94,758,7.29
911,737.8,740.7,95,759,7.43
912,738.8,741.7,96,760,6.92
913,739.8,742.7,97,761,9.7
914,740.8,743.7,98,762,6.41
915,741.8,744.7,99,763,6.9
916,742.8,745.7,100,764,8.88
917,743.8,746.7,101,765,7.73
918,744.8,747.7,102,766,9.38
919,745.8,748.7,103,767,7.57
920,746.8,749.7,104,768,8.86
921,747.8,750.7,105,769,9.12
922,748.8,751.7,106,770,5.32
923,749.8,752.7,107,771,8.3
924,750.8,753.7,108,772,7.57
925,751.8,754.7,109,773,9.67
926,752.8,755.7,110,774,9.09
927,753.8,756.7,111,775,8.7
928,754.8,757.7,112,776,5.25
929,755.8,758.7,113,777,8.46
930,756.8,759.7,114,778,9.73
931,757.8,760.7,115,779,6.38
932,758.8,761.7,116,780,7.61
933,759.8,762.7,117,781,6.84
934,760.8,763.7,118,782,8.14
935,761.8,764.7,119,783,9.18
936,762.8,765.7,120,784,7.24
937,763.8,766.7,26,785,9.56
938,764.8,767.7,27,786,6.4
939,765.8,768.7,28,787,9.1
940,766.8,769.7,29,788,7.75
941,767.8,770.7,30,789,7.84
942,768.8,771.7,31,790,5.39
943,769.8,772.7,32,791,8.61
944,770.8,773.7,33,792,7.41
945,771.8,774.7,34,793,5.7
946,772.8,775.7,35,794,6.86
947,773.8,776.7,36,795,9.02
948,774.8,777.7,37,796,8.3
949,775.8,778.7,38,797,7.82
950,776.8,779.7,39,798,7.5
951,777.8,780.7,40,799,6.25
952,778.8,781.7,41,800,6.27
953,779.8,782.7,42,801,5.47
954,780.8,783.7,43,802,5.64
955,781.8,784.7,44,803,7.61
956,782.8,785.7,45,804,5.46
957,783.8,786.7,46,805,9.42
958,784.8,787.7,47,806,8.99
959,785.8,788.7,48,807,9.52
960,786.8,789.7,49,808,5.83
961,787.8,790.7,50,809,5.75
962,788.8,791.7,51,810,5.25
963,789.8,792.7,52,811,8.96
964,790.8,793.7,53,812,6.62
965,791.8,794.7,54,813,6.85
966,792.8,795.7,55,814,5.48
967,793.8,796.7,56,815,8.01
968,794.8,797.7,57,816,8.05
969,795.8,798.7,58,817,5.23
970,796.8,799.7,59,818,5.97
971,797.8,800.7,60,819,7.17
972,798.8,801.7,61,820,7.72
973,799.8,802.7,62,821,6.68
974,800.8,803.7,63,822,7.27
975,801.8,804.7,64,823,7.49
976,802.8,805.7,65,824,6.88
977,803.8,806.7,66,825,5.76
978,804.8,807.7,67,826,6.22
979,805.8,808.7,68,827,5.37
980,806.8,809.7,69,828,6.33
981,807.8,810.7,70,829,8.88
982,808.8,811.7,71,830,7.38
983,809.8,812.7,72,831,7.38
984,810.8,813.7,73,832,7.13
985,811.8,814.7,74,833,9.02
986,812.8,815.7,75,834,6.91
987,813.8,816.7,76,835,9.29
988,814.8,817.7,77,836,6.95
989,815.8,818.7,78,837,7.95
990,816.8,819.7,79,838,8.81
991,9.8,820.7,80,839,5.56
992,10.8,821.7,81,840,8.41
993,11.8,822.7,82,841,8.86
994,12.8,823.7,83,842,8.89
995,13.8,824.7,84,843,6.43
996,14.8,825.7,85,844,5.67
997,15.8,826.7,86,845,8.65
998,16.8,827.7,87,846,7.89
999,17.8,828.7,88,847,7.75
1000,18.8,829.7,89,848,9.18
1001,19.8,830.7,90,849,9.1
1002,20.8,831.7,91,850,8.19
1003,21.8,832.7,92,851,8.88
1004,22.8,833.7,93,852,8.72
1005,23.8,834.7,94,853,8.93
1006,24.8,835.7,95,854,8.27
1007,25.8,836.7,96,855,7.22
1008,26.8,837.7,97,856,7.8
1009,27.8,838.7,98,857,5.82
1010,28.8,839.7,99,858,8.83
1011,29.8,840.7,100,859,6.24
1012,30.8,841.7,101,860,5.26
1013,31.8,842.7,102,861,9.65
1014,32.8,843.7,103,862,6.86
1015,33.8,844.7,104,863,5.59
1016,34.8,845.7,105,864,7.35
1017,35.8,846.7,106,865,7.06
1018,36.8,847.7,107,866,6.66
1019,37.8,848.7,108,867,9.05
1020,38.8,849.7,109,868,9.43
1021,39.8,850.7,110,869,5.86
1022,40.8,851.7,111,870,9.14
1023,41.8,852.7,112,871,5.25
1024,42.8,853.7,113,872,8.55
1025,43.8,854.7,114,873,8.25
1026,44.8,855.7,115,874,5.59
1027,45.8,856.7,116,875,5.88
1028,46.8,857.7,117,876,5.74
1029,47.8,858.7,118,877,6.3
1030,48.8,859.7,119,878,8.75
1031,49.8,860.7,120,879,9.07
1032,50.8,861.7,26,880,5.28
1033,51.8,862.7,27,881,8.11
1034,52.8,863.7,28,882,7.65
1035,53.8,864.7,29,883,6.6
1036,54.8,865.7,30,884,6.92
1037,55.8,866.7,31,885,5.46
1038,56.8,867.7,32,886,7.79
1039,57.8,868.7,33,887,6.74
1040,58.8,869.7,34,888,8.81
1041,59.8,870.7,35,889,6.53
1042,60.8,871.7,36,890,6.38
1043,61.8,872.7,37,891,6.43
1044,62.8,873.7,38,892,8.64
1045,63.8,874.7,39,893,8.43
1046,64.8,875.7,40,894,8.28
1047,65.8,876.7,41,895,5.38
1048,66.8,877.7,42,896,7.13
1049,67.8,878.7,43,897,8.35
1050,68.8,879.7,44,898,8.61
1051,69.8,880.7,45,899,9.29
1052,70.8,881.7,46,900,5.33
1053,71.8,882.7,47,901,6.72
1054,72.8,883.7,48,902,9.18
1055,73.8,884.7,49,903,5.57
1056,74.8,885.7,50,904,6.12
1057,75.8,886.7,51,905,8.18
1058,76.8,887.7,52,906,7.47
1059,77.8,888.7,53,907,9.01
1060,78.8,889.7,54,908,7.48
1061,79.8,890.7,55,909,9.54
1062,80.8,891.7,56,910,9.76
1063,81.8,892.7,57,911,8.22
1064,82.8,893.7,58,912,8.24
1065,83.8,894.7,59,913,7.13
1066,84.8,895.7,60,914,8.88
1067,85.8,896.7,61,915,6.43
1068,86.8,897.7,62,916,7.76
1069,87.8,898.7,63,917,6.04
1070,88.8,899.7,64,918,5.92
1071,89.8,900.7,65,919,8.62
1072,90.8,901.7,66,920,5.18
1073,91.8,902.7,67,921,5.58
1074,92.8,903.7,68,922,6.26
1075,93.8,904.7,69,923,9.55
1076,94.8,905.7,70,924,6
1077,95.8,906.7,71,925,5.48
1078,96.8,907.7,72,926,5.18
1079,97.8,908.7,73,927,9.36
1080,98.8,909.7,74,928,7.35
1081,99.8,910.7,75,929,8.53
1082,100.8,911.7,76,930,5.11
1083,101.8,912.7,77,931,7.57
1084,102.8,913.7,78,932,9.84
1085,103.8,914.7,79,933,8.94
1086,104.8,915.7,80,934,9.74
1087,105.8,916.7,81,935,8.09
1088,106.8,917.7,82,936,9.16
1089,107.8,918.7,83,937,8.82
1090,108.8,919.7,84,938,6.55
1091,109.8,920.7,85,939,8.46
1092,110.8,921.7,86,940,6.8
1093,111.8,922.7,87,941,5.35
1094,112.8,923.7,88,942,8.15
1095,113.8,924.7,89,943,7.86
1096,114.8,925.7,90,944,6.01
1097,115.8,926.7,91,945,7.59
1098,116.8,927.7,92,946,5.21
1099,117.8,928.7,93,947,8.25
1100,118.8,929.7,94,948,7.11
1101,119.8,930.7,95,949,5.26
1102,120.8,931.7,96,950,9.84
1103,121.8,932.7,97,951,9.42
1104,122.8,933.7,98,952,8.76
1105,123.8,934.7,99,953,5.34
1106,124.8,935.7,100,954,7.29
1107,125.8,936.7,101,955,9.68
1108,126.8,937.7,102,956,8.11
1109,127.8,938.7,103,957,7.74
1110,128.8,939.7,104,958,8.11
1111,129.8,940.7,105,959,8.11
1112,130.8,941.7,106,960,7.63
1113,131.8,942.7,107,961,7.73
1114,132.8,943.7,108,962,5.6
1115,133.8,944.7,109,963,7.81
1116,134.8,945.7,110,964,8.19
1117,135.8,946.7,111,965,6.8
1118,136.8,947.7,112,966,8.18
1119,137.8,948.7,113,967,5.29
1120,138.8,949.7,114,968,7.66
1121,139.8,950.7,115,969,5.31
1122,140.8,951.7,116,970,7.83
1123,141.8,952.7,117,971,5.92
1124,142.8,953.7,118,972,8.13
1125,143.8,954.7,119,973,6.02
1126,144.8,955.7,120,974,9.45
1127,145.8,956.7,26,975,5.66
1128,146.8,957.7,27,976,7.8
1129,147.8,958.7,28,977,7.32
1130,148.8,959.7,29,978,5.4
1131,149.8,960.7,30,979,6.21
1132,150.8,961.7,31,980,6.9
1133,151.8,962.7,32,981,8.68
1134,152.8,963.7,33,982,8.78
1135,153.8,964.7,34,983,9.45
1136,154.8,965.7,35,984,7.4
1137,155.8,966.7,36,985,8.82
1138,156.8,967.7,37,986,5.46
1139,157.8,968.7,38,987,8.53
1140,158.8,969.7,39,988,8.66
1141,159.8,970.7,40,989,6.78
1142,160.8,971.7,41,990,6.4
1143,161.8,972.7,42,991,8.06
1144,162.8,973.7,43,992,7.5
1145,163.8,974.7,44,993,7.39
1146,164.8,975.7,45,994,7.5
1147,165.8,976.7,46,995,8.91
1148,166.8,977.7,47,996,6.44
1149,167.8,978.7,48,997,9.79
1150,168.8,979.7,49,998,6.13
1151,169.8,980.7,50,999,7.29
1152,170.8,981.7,51,1000,8.75
1153,171.8,982.7,52,1001,7.37
1154,172.8,983.7,53,1002,6.05
1155,173.8,984.7,54,1003,9.21
1156,174.8,985.7,55,1004,8.81
1157,175.8,986.7,56,1005,7.43
1158,176.8,987.7,57,1006,6.03
1159,177.8,988.7,58,1007,7.93
1160,178.8,989.7,59,1008,8.71
1161,179.8,990.7,60,1009,8.11
1162,180.8,991.7,61,1010,6.05
1163,181.8,992.7,62,1011,6.14
1164,182.8,993.7,63,1012,8.08
1165,183.8,994.7,64,1013,8.62
1166,184.8,995.7,65,1014,9.28
1167,185.8,996.7,66,1015,9.88
1168,186.8,997.7,67,1016,6.24
1169,187.8,998.7,68,1017,9.72
1170,188.8,999.7,69,1018,5.77
1171,189.8,1000.7,70,1019,5.16
1172,190.8,1001.7,71,1020,6.88
1173,191.8,1002.7,72,1021,7.28
1174,192.8,1003.7,73,1022,5.54
1175,193.8,1004.7,74,1023,6.81
1176,194.8,1005.7,75,1024,5.79
1177,195.8,1006.7,76,1025,9.3
1178,196.8,1007.7,77,1026,7.13
1179,197.8,1008.7,78,1027,9.4
1180,198.8,1009.7,79,1028,7.54
1181,199.8,1010.7,80,1029,5.68
1182,200.8,1011.7,81,1030,8.42
1183,201.8,1012.7,82,1031,9.6
1184,202.8,1013.7,83,1032,7.12
1185,203.8,1014.7,84,1033,9.35
1186,204.8,1015.7,85,1034,5.31
1187,205.8,1016.7,86,1035,6.29
1188,206.8,1017.7,87,1036,5.41
1189,207.8,1018.7,88,1037,7.78
1190,208.8,1019.7,89,1038,7.96
1191,209.8,1020.7,90,1039,6.56
1192,210.8,1021.7,91,1040,6.54
1193,211.8,1022.7,92,1041,8.6
1194,212.8,1023.7,93,1042,8.85
1195,213.8,1024.7,94,1043,7.7
1196,214.8,1025.7,95,1044,6.3
1197,215.8,1026.7,96,1045,6.33
1198,216.8,1027.7,97,1046,8.7
1199,217.8,1028.7,98,1047,9.22
1200,218.8,1029.7,99,1048,8.51
1201,219.8,1030.7,100,1049,6.75
1202,220.8,1031.7,101,1050,9.1
1203,221.8,1032.7,102,1051,7.67
1204,222.8,1033.7,103,1052,9.03
1205,223.8,1034.7,104,1053,8.41
1206,224.8,1035.7,105,1054,8.06
1207,225.8,1036.7,106,1055,7.51
1208,226.8,1037.7,107,1056,9.66
1209,227.8,1038.7,108,1057,5.89
1210,228.8,1039.7,109,1058,5.78
1211,229.8,1040.7,110,1059,7.44
1212,230.8,1041.7,111,1060,7.98
1213,231.8,1042.7,112,1061,6.04
1214,232.8,1043.7,113,1062,7.09
1215,233.8,1044.7,114,1063,6.96
1216,234.8,1045.7,115,1064,6.12
1217,235.8,1046.7,116,1065,5.54
1218,236.8,1047.7,117,1066,6.83
1219,237.8,1048.7,118,1067,8.74
1220,238.8,1049.7,119,1068,8.93
1221,239.8,1050.7,120,1069,8.74
1222,240.8,1051.7,26,1070,6.03
1223,241.8,1052.7,27,1071,7.18
1224,242.8,1053.7,28,1072,9.35
1225,243.8,1054.7,29,1073,5.25
1226,244.8,1055.7,30,1074,6.85
1227,245.8,1056.7,31,1075,9.61
1228,246.8,1057.7,32,1076,6.88
1229,247.8,1058.7,33,1077,8.45
1230,248.8,1059.7,34,1078,7.2
1231,249.8,1060.7,35,1079,6.95
1232,250.8,1061.7,36,1080,9.88
1233,251.8,1062.7,37,1081,7.33
1234,252.8,1063.7,38,1082,7.82
1235,253.8,1064.7,39,1083,5.68
1236,254.8,1065.7,40,1084,9.8
1237,255.8,1066.7,41,1085,6.8
1238,256.8,1067.7,42,1086,5.54
1239,257.8,1068.7,43,1087,6.47
1240,258.8,1069.7,44,1088,8.6
1241,259.8,1070.7,45,1089,8.49
1242,260.8,1071.7,46,1090,5.98
1243,261.8,1072.7,47,1091,9.02
1244,262.8,1073.7,48,1092,8.82
1245,263.8,1074.7,49,1093,8.21
1246,264.8,1075.7,50,1094,6.32
1247,265.8,1076.7,51,1095,7.99
1248,266.8,1077.7,52,1096,5.81
1249,267.8,1078.7,53,1097,8.76
1250,268.8,1079.7,54,1098,7.34
1251,269.8,1080.7,55,1099,5.88
1252,270.8,1081.7,56,1100,7.8
1253,271.8,1082.7,57,1101,9.53
1254,272.8,1083.7,58,1102,6.82
1255,273.8,1084.7,59,1103,6.4
1256,274.8,1085.7,60,1104,9.73
1257,275.8,1086.7,61,1105,6.23
1258,276.8,1087.7,62,1106,6.42
1259,277.8,1088.7,63,1107,8.69
1260,278.8,1089.7,64,1108,5.33
1261,279.8,1090.7,65,1109,5.56
1262,280.8,1091.7,66,1110,8.15
1263,281.8,1092.7,67,1111,8.73
1264,282.8,1093.7,68,1112,9.57
1265,283.8,1094.7,69,1113,7.97
1266,284.8,1095.7,70,1114,9.8
1267,285.8,1096.7,71,1115,7.7
1268,286.8,1097.7,72,1116,7.07
1269,287.8,1098.7,73,1117,9.44
1270,288.8,1099.7,74,1118,5.49
1271,289.8,1100.7,75,1119,5.18
1272,290.8,1101.7,76,1120,7.56
1273,291.8,1102.7,77,1121,9.25
1274,292.8,1103.7,78,1122,9.31
1275,293.8,1104.7,79,1123,9.33
1276,294.8,1105.7,80,1124,6.24
1277,295.8,1106.7,81,1125,5.98
1278,296.8,1107.7,82,1126,8.07
1279,297.8,1108.7,83,1127,7.98
1280,298.8,1109.7,84,1128,5.82
1281,299.8,1110.7,85,1129,7.25
1282,300.8,1111.7,86,1130,9.58
1283,301.8,1112.7,87,1131,5.94
1284,302.8,1113.7,88,1132,7.96
1285,303.8,1114.7,89,1133,7.11
1286,304.8,1115.7,90,1134,5.86
1287,305.8,1116.7,91,1135,8.3
1288,306.8,1117.7,92,1136,6.87
1289,307.8,1118.7,93,1137,9.33
1290,308.8,1119.7,94,1138,7.31
1291,309.8,1120.7,95,1139,6.67
1292,310.8,1121.7,96,1140,6.69
1293,311.8,1122.7,97,1141,5.36
1294,312.8,1123.7,98,1142,7.09
1295,313.8,1124.7,99,1143,9.49
1296,314.8,1125.7,100,1144,5.44
1297,315.8,1126.7,101,1145,8.91
1298,316.8,1127.7,102,1146,8.13
1299,317.8,1128.7,103,1147,6.86
1300,318.8,1129.7,104,1148,9.66
1301,319.8,1130.7,105,1149,9.65
1302,320.8,1131.7,106,1150,8.37
1303,321.8,1132.7,107,1151,7.11
1304,322.8,1133.7,108,1152,5.65
1305,323.8,1134.7,109,1153,7.44
1306,324.8,1135.7,110,1154,5.66
1307,325.8,1136.7,111,1155,5.3
1308,326.8,1137.7,112,1156,5.79
1309,327.8,1138.7,113,1157,8.17
1310,328.8,1139.7,114,1158,8.35
1311,329.8,1140.7,115,1159,5.15
1312,330.8,1141.7,116,1160,9.82
1313,331.8,1142.7,117,1161,9.6
1314,332.8,1143.7,118,1162,9.87
1315,333.8,1144.7,119,1163,5.29
1316,334.8,1145.7,120,1164,5.95
1317,335.8,1146.7,26,1165,8.84
1318,336.8,1147.7,27,1166,5.92
1319,337.8,1148.7,28,1167,7.95
1320,338.8,1149.7,29,1168,8.47
1321,339.8,1150.7,30,1169,7.3
1322,340.8,1151.7,31,1170,8.11
1323,341.8,1152.7,32,1171,5.5
1324,342.8,1153.7,33,1172,7.33
1325,343.8,1154.7,34,1173,9.82
1326,344.8,1155.7,35,1174,7.35
1327,345.8,1156.7,36,1175,7.48
1328,346.8,1157.7,37,1176,5.87
1329,347.8,1158.7,38,1177,7.63
1330,348.8,1159.7,39,1178,6.18
1331,349.8,1160.7,40,1179,8.57
1332,350.8,1161.7,41,1180,6.69
1333,351.8,1162.7,42,1181,7.14
1334,352.8,1163.7,43,1182,8.91
1335,353.8,1164.7,44,1183,9.66
1336,354.8,1165.7,45,1184,9.5
1337,355.8,1166.7,46,1185,9.07
1338,356.8,1167.7,47,1186,5.25
1339,357.8,1168.7,48,1187,7.27
1340,358.8,1169.7,49,1188,7.35
1341,359.8,1170.7,50,1189,8.1
1342,360.8,1171.7,51,1190,5.69
1343,361.8,1172.7,52,1191,7.89
1344,362.8,1173.7,53,1192,9.06
1345,363.8,1174.7,54,1193,7.51
1346,364.8,1175.7,55,1194,6.9
1347,365.8,1176.7,56,1195,6.87
1348,366.8,1177.7,57,1196,6.59
1349,367.8,1178.7,58,1197,7.54
1350,368.8,1179.7,59,1198,5.35
1351,369.8,1180.7,60,1199,7.64
1352,370.8,1181.7,61,1200,8.97
1353,371.8,1182.7,62,1201,9.5
1354,372.8,1183.7,63,1202,7.05
1355,373.8,1184.7,64,1203,9.27
1356,374.8,1185.7,65,1204,5.66
1357,375.8,1186.7,66,1205,9.79
1358,376.8,1187.7,67,1206,5.78
1359,377.8,1188.7,68,1207,8.76
1360,378.8,1189.7,69,1208,9.13
1361,379.8,1190.7,70,1209,5.77
1362,380.8,1191.7,71,1210,8.52
1363,381.8,1192.7,72,1211,8.91
1364,382.8,1193.7,73,1212,5.99
1365,383.8,1194.7,74,1213,9.35
1366,384.8,1195.7,75,1214,9.64
1367,385.8,1196.7,76,1215,6.9
1368,386.8,1197.7,77,1216,8.16
1369,387.8,1198.7,78,1217,7.1
1370,388.8,1199.7,79,1218,5.57
1371,389.8,1200.7,80,1219,9.52
1372,390.8,1201.7,81,1220,9.21
1373,391.8,1202.7,82,1221,9.77
1374,392.8,1203.7,83,1222,9.61
1375,393.8,1204.7,84,1223,7.09
1376,394.8,1205.7,85,1224,8.81
1377,395.8,1206.7,86,1225,6.37
1378,396.8,1207.7,87,1226,6.3
1379,397.8,1208.7,88,1227,8.49
1380,398.8,1209.7,89,1228,5.58
1381,399.8,1210.7,90,1229,9.83
1382,400.8,1211.7,91,1230,6.58
1383,401.8,1212.7,92,1231,6.41
1384,402.8,1213.7,93,1232,7.94
1385,403.8,1214.7,94,1233,7.88
1386,404.8,1215.7,95,1234,5.84
1387,405.8,1216.7,96,1235,9.45
1388,406.8,1217.7,97,1236,9.4
1389,407.8,1218.7,98,1237,5.43
1390,408.8,1219.7,99,1238,9.12
1391,409.8,1220.7,100,1239,9.27
1392,410.8,1221.7,101,1240,6.77
1393,411.8,1222.7,102,1241,5.56
1394,412.8,1223.7,103,1242,5.36
1395,413.8,1224.7,104,1243,5.77
1396,414.8,1225.7,105,1244,7.46
1397,415.8,1226.7,106,1245,7.75
1398,416.8,1227.7,107,1246,5.83
1399,417.8,1228.7,108,1247,5.83
1400,418.8,1229.7,109,1248,7.56
1401,419.8,1230.7,110,1249,6.08
1402,420.8,1231.7,111,1250,8.06
1403,421.8,1232.7,112,1251,8.07
1404,422.8,1233.7,113,1252,5.27
1405,423.8,1234.7,114,1253,7.87
1406,424.8,1235.7,115,1254,6.28
1407,425.8,1236.7,116,1255,5.52
1408,426.8,1237.7,117,1256,6.12
1409,427.8,1238.7,118,1257,5.49
1410,428.8,1239.7,119,1258,6.7
1411,429.8,1240.7,120,1259,6.42
1412,430.8,1241.7,26,1260,9.25
1413,431.8,1242.7,27,1261,6.99
1414,432.8,1243.7,28,1262,5.59
1415,433.8,1244.7,29,1263,7.04
1416,434.8,1245.7,30,1264,7.91
1417,435.8,1246.7,31,1265,7.06
1418,436.8,1247.7,32,1266,6.75
1419,437.8,1248.7,33,1267,7.13
1420,438.8,1249.7,34,1268,9.64
1421,439.8,1250.7,35,1269,7.92
1422,440.8,1251.7,36,1270,9.55
1423,441.8,1252.7,37,1271,6.48
1424,442.8,1253.7,38,1272,5.33
1425,443.8,1254.7,39,1273,6.59
1426,444.8,1255.7,40,1274,7.73
1427,445.8,1256.7,41,1275,5.52
1428,446.8,1257.7,42,1276,5.97
1429,447.8,1258.7,43,1277,5.89
1430,448.8,1259.7,44,1278,5.5
1431,449.8,1260.7,45,1279,6.78
1432,450.8,1261.7,46,1280,6.75
1433,451.8,1262.7,47,1281,5.13
1434,452.8,1263.7,48,1282,8.62
1435,453.8,1264.7,49,1283,9.3
1436,454.8,1265.7,50,1284,8.61
1437,455.8,1266.7,51,1285,6.8
1438,456.8,1267.7,52,1286,6.67
1439,457.8,1268.7,53,1287,8.35
1440,458.8,1269.7,54,1288,8.22
1441,459.8,1270.7,55,1289,7.35
1442,460.8,1271.7,56,1290,7.09
1443,461.8,1272.7,57,1291,8.38
1444,462.8,1273.7,58,1292,5.45
1445,463.8,1274.7,59,1293,5.71
1446,464.8,1275.7,60,1294,9.31
1447,465.8,1276.7,61,1295,9.55
1448,466.8,1277.7,62,1296,9.74
1449,467.8,1278.7,63,1297,8.83
1450,468.8,1279.7,64,1298,7.65
1451,469.8,1280.7,65,1299,7.91
1452,470.8,1281.7,66,1300,5.75
1453,471.8,1282.7,67,1301,8.34
1454,472.8,1283.7,68,1302,8.21
1455,473.8,1284.7,69,1303,7.06
1456,474.8,1285.7,70,1304,6.4
1457,475.8,1286.7,71,1305,9.86
1458,476.8,1287.7,72,1306,8.64
1459,477.8,1288.7,73,1307,8.67
1460,478.8,1289.7,74,1308,9.8
1461,479.8,1290.7,75,1309,8.57
1462,480.8,1291.7,76,1310,6.26
1463,481.8,1292.7,77,1311,9.67
1464,482.8,1293.7,78,1312,5.71
1465,483.8,1294.7,79,1313,9.24
1466,484.8,1295.7,80,1314,8.35
1467,485.8,1296.7,81,1315,6.84
1468,486.8,1297.7,82,1316,7.49
1469,487.8,1298.7,83,1317,9.06
1470,488.8,1299.7,84,1318,8.62
1471,489.8,1300.7,85,1319,8.55
1472,490.8,1301.7,86,1320,5.83
1473,491.8,1302.7,87,1321,8.15
1474,492.8,1303.7,88,1322,5.68
1475,493.8,1304.7,89,1323,8.19
1476,494.8,1305.7,90,1324,8.7
1477,495.8,1306.7,91,1325,6.86
1478,496.8,1307.7,92,1326,5.26
1479,497.8,1308.7,93,1327,8.12
1480,498.8,1309.7,94,1328,6.74
1481,499.8,1310.7,95,1329,6.93
1482,500.8,1311.7,96,1330,5.28
1483,501.8,1312.7,97,1331,5.1
1484,502.8,1313.7,98,1332,5.34
1485,503.8,1314.7,99,1333,5.61
1486,504.8,1315.7,100,1334,6.69
1487,505.8,1316.7,101,1335,8.55
1488,506.8,1317.7,102,1336,6.22
1489,507.8,1318.7,103,1337,6.06
1490,508.8,1319.7,104,1338,6.39
1491,509.8,1320.7,105,1339,9.47
1492,510.8,1321.7,106,1340,8.51
1493,511.8,1322.7,107,1341,7.63
1494,512.8,1323.7,108,1342,5.52
1495,513.8,1324.7,109,1343,8.08
1496,514.8,1325.7,110,1344,8.05
1497,515.8,1326.7,111,1345,6.16
1498,516.8,1327.7,112,1346,5.69
1499,517.8,1328.7,113,1347,8.43
1500,518.8,1329.7,114,1348,5.65
1501,519.8,1330.7,115,1349,7.4
1502,520.8,1331.7,116,1350,6.23
1503,521.8,1332.7,117,1351,6.48
1504,522.8,1333.7,118,1352,5.18
1505,523.8,1334.7,119,1353,8.41
1506,524.8,1335.7,120,1354,8.64
1507,525.8,1336.7,26,1355,9.05
1508,526.8,1337.7,27,1356,8.65
1509,527.8,1338.7,28,1357,8.01
1510,528.8,1339.7,29,1358,8.77
1511,529.8,1340.7,30,1359,8.01
1512,530.8,1341.7,31,1360,8.83
1513,531.8,1342.7,32,1361,9.63
1514,532.8,1343.7,33,1362,5.55
1515,533.8,1344.7,34,1363,7.18
1516,534.8,1345.7,35,1364,6.69
1517,535.8,1346.7,36,1365,7.35
1518,536.8,1347.7,37,1366,7.13
1519,537.8,1348.7,38,1367,7.98
1520,538.8,1349.7,39,1368,9.06
1521,539.8,1350.7,40,1369,5.26
1522,540.8,1351.7,41,1370,6.13
1523,541.8,1352.7,42,1371,7.91
1524,542.8,1353.7,43,1372,5.41
1525,543.8,1354.7,44,1373,7.23
1526,544.8,1355.7,45,1374,5.19
1527,545.8,1356.7,46,1375,7.31
1528,546.8,1357.7,47,1376,7
1529,547.8,1358.7,48,1377,7.44
1530,548.8,1359.7,49,1378,8.15
1531,549.8,1360.7,50,1379,8.58
1532,550.8,1361.7,51,1380,9.19
1533,551.8,1362.7,52,1381,5.67
1534,552.8,1363.7,53,1382,8.62
1535,553.8,1364.7,54,1383,9.25
1536,554.8,1365.7,55,1384,6.18
1537,555.8,1366.7,56,1385,7.01
1538,556.8,1367.7,57,1386,8.11
1539,557.8,1368.7,58,1387,5.32
1540,558.8,1369.7,59,1388,5.43
1541,559.8,1370.7,60,1389,5.12
1542,560.8,1371.7,61,1390,5.55
1543,561.8,1372.7,62,1391,7.13
1544,562.8,1373.7,63,1392,8.87
1545,563.8,1374.7,64,1393,6.29
1546,564.8,1375.7,65,1394,8.88
1547,565.8,1376.7,66,1395,9.9
1548,566.8,1377.7,67,1396,7.97
1549,567.8,1378.7,68,1397,7.4
1550,568.8,1379.7,69,1398,9.06
1551,569.8,1380.7,70,1399,8.31
1552,570.8,1381.7,71,1400,8.76
1553,571.8,1382.7,72,1401,5.24
1554,572.8,1383.7,73,1402,6.48
1555,573.8,1384.7,74,1403,6.67
1556,574.8,1385.7,75,1404,8.86
1557,575.8,1386.7,76,1405,5.83
1558,576.8,1387.7,77,1406,6.43
1559,577.8,1388.7,78,1407,9.05
1560,578.8,1389.7,79,1408,7.33
1561,579.8,1390.7,80,1409,9.1
1562,580.8,1391.7,81,1410,9.46
1563,581.8,1392.7,82,1411,5.46
1564,582.8,1393.7,83,1412,9.85
1565,583.8,1394.7,84,1413,7.06
1566,584.8,1395.7,85,1414,5.34
1567,585.8,1396.7,86,1415,5.16
1568,586.8,1397.7,87,1416,7.24
1569,587.8,1398.7,88,1417,9.45
1570,588.8,1399.7,89,1418,6.28
1571,589.8,1400.7,90,1419,8.37
1572,590.8,1401.7,91,1420,9.21
1573,591.8,1402.7,92,1421,7.72
1574,592.8,1403.7,93,1422,6.65
1575,593.8,1404.7,94,1423,9.65
1576,594.8,1405.7,95,1424,8.1
1577,595.8,1406.7,96,1425,7.29
1578,596.8,1407.7,97,1426,8.73
1579,597.8,1408.7,98,1427,5.51
1580,598.8,1409.7,99,1428,7.04
1581,599.8,1410.7,100,1429,7.57
1582,600.8,1411.7,101,1430,6.69
1583,601.8,1412.7,102,1431,7.77
1584,602.8,1413.7,103,1432,8.07
1585,603.8,1414.7,104,1433,8.44
1586,604.8,1415.7,105,1434,9.25
1587,605.8,1416.7,106,1435,7
1588,606.8,1417.7,107,1436,8.47
1589,607.8,1418.7,108,1437,8.97
1590,608.8,1419.7,109,1438,6.63
1591,609.8,1420.7,110,1439,9.88
1592,610.8,1421.7,111,1440,6.6
1593,611.8,1422.7,112,1441,8.93
1594,612.8,1423.7,113,1442,6.74
1595,613.8,1424.7,114,1443,9.76
1596,614.8,1425.7,115,1444,7.95
1597,615.8,1426.7,116,1445,7.23
1598,616.8,1427.7,117,1446,7.73
1599,617.8,1428.7,118,1447,7
1600,618.8,1429.7,119,1448,6.86
1601,619.8,1430.7,120,1449,6.43
1602,620.8,1431.7,26,1450,8.55
1603,621.8,1432.7,27,1451,6.9
1604,622.8,1433.7,28,1452,9
1605,623.8,1434.7,29,1453,5.68
1606,624.8,1435.7,30,1454,5.53
1607,625.8,1436.7,31,1455,5.8
1608,626.8,1437.7,32,1456,8.28
1609,627.8,1438.7,33,1457,9.13
1610,628.8,1439.7,34,1458,6.55
1611,629.8,1440.7,35,1459,9.51
1612,630.8,1441.7,36,1460,8
1613,631.8,1442.7,37,1461,9.34
1614,632.8,1443.7,38,1462,8.17
1615,633.8,1444.7,39,1463,8.4
1616,634.8,1445.7,40,1464,7.42
1617,635.8,1446.7,41,1465,5.67
1618,636.8,1447.7,42,1466,9.14
1619,637.8,1448.7,43,1467,9.43
1620,638.8,1449.7,44,1468,8.59
1621,639.8,1450.7,45,1469,6.84
1622,640.8,1451.7,46,1470,9.48
1623,641.8,1452.7,47,1471,5.45
1624,642.8,1453.7,48,1472,8.84
1625,643.8,1454.7,49,1473,8.98
1626,644.8,1455.7,50,1474,8.24
1627,645.8,1456.7,51,1475,9.59
1628,646.8,1457.7,52,1476,9.74
1629,647.8,1458.7,53,1477,6.04
1630,648.8,1459.7,54,1478,9.4
1631,649.8,1460.7,55,1479,6.41
1632,650.8,1461.7,56,1480,9.14
1633,651.8,1462.7,57,1481,5.9
1634,652.8,1463.7,58,1482,6.19
1635,653.8,1464.7,59,1483,6.43
1636,654.8,1465.7,60,1484,9.7
1637,655.8,1466.7,61,1485,6.54
1638,656.8,1467.7,62,1486,8.19
1639,657.8,1468.7,63,1487,9.58
1640,658.8,1469.7,64,1488,8.37
1641,659.8,1470.7,65,1489,6.07
1642,660.8,1471.7,66,1490,9.84
1643,661.8,1472.7,67,1491,6.73
1644,662.8,1473.7,68,1492,6.6
1645,663.8,1474.7,69,1493,5.34
1646,664.8,1475.7,70,1494,9.14
1647,665.8,1476.7,71,1495,6.99
1648,666.8,1477.7,72,1496,8.92
1649,667.8,1478.7,73,1497,7.54
1650,668.8,1479.7,74,1498,7.93
1651,669.8,1480.7,75,1499,6.77
1652,670.8,1481.7,76,1500,8.85
1653,671.8,1482.7,77,1501,5.26
1654,672.8,1483.7,78,1502,5.49
1655,673.8,1484.7,79,1503,8.68
1656,674.8,1485.7,80,1504,5.99
1657,675.8,1486.7,81,1505,6.91
1658,676.8,1487.7,82,1506,8.33
1659,677.8,1488.7,83,1507,7.12
1660,678.8,1489.7,84,1508,8.48
1661,679.8,1490.7,85,1509,5.46
1662,680.8,1491.7,86,1510,8.5
1663,681.8,1492.7,87,1511,6.14
1664,682.8,1493.7,88,1512,5.35
1665,683.8,1494.7,89,1513,6.71
1666,684.8,1495.7,90,1514,7.25
1667,685.8,1496.7,91,1515,9.61
1668,686.8,1497.7,92,1516,5.29
1669,687.8,1498.7,93,1517,9.23
1670,688.8,1499.7,94,1518,9.49
1671,689.8,1500.7,95,1519,6.37
1672,690.8,1501.7,96,1520,7.62
1673,691.8,1502.7,97,1521,7.2
1674,692.8,1503.7,98,1522,9.33
1675,693.8,1504.7,99,1523,7.69
1676,694.8,1505.7,100,1524,7.97
1677,695.8,1506.7,101,1525,5.62
1678,696.8,1507.7,102,1526,9.28
1679,697.8,1508.7,103,1527,6.08
1680,698.8,1509.7,104,1528,6.65
1681,699.8,1510.7,105,1529,8.74
1682,700.8,1511.7,106,1530,5.31
1683,701.8,1512.7,107,1531,6.97
1684,702.8,1513.7,108,1532,9.07
1685,703.8,1514.7,109,1533,7.37
1686,704.8,1515.7,110,1534,8.93
1687,705.8,1516.7,111,1535,9.23
1688,706.8,1517.7,112,1536,5.85
1689,707.8,1518.7,113,1537,7.33
1690,708.8,1519.7,114,1538,6.66
1691,709.8,1520.7,115,1539,6.99
1692,710.8,1521.7,116,1540,6.01
1693,711.8,1522.7,117,1541,8.96
1694,712.8,1523.7,118,1542,7.71
1695,713.8,1524.7,119,1543,9.13
1696,714.8,1525.7,120,1544,9.72
1697,715.8,1526.7,26,1545,8.75
1698,716.8,1527.7,27,1546,9.49
1699,717.8,1528.7,28,1547,9.04
1700,718.8,1529.7,29,1548,8.1
1701,719.8,1530.7,30,1549,6.34
1702,720.8,1531.7,31,1550,7.75
1703,721.8,1532.7,32,1551,6.7
1704,722.8,1533.7,33,1552,8.92
1705,723.8,1534.7,34,1553,9.18
1706,724.8,1535.7,35,1554,8.28
1707,725.8,1536.7,36,1555,8.1
1708,726.8,1537.7,37,1556,5.83
1709,727.8,1538.7,38,1557,7.82
1710,728.8,1539.7,39,1558,5.35
1711,729.8,1540.7,40,1559,7.7
1712,730.8,1541.7,41,1560,6.61
1713,731.8,1542.7,42,1561,7.07
1714,732.8,1543.7,43,1562,8.49
1715,733.8,1544.7,44,1563,5.63
1716,734.8,1545.7,45,1564,8.6
1717,735.8,1546.7,46,1565,5.95
1718,736.8,1547.7,47,1566,9.13
1719,737.8,1548.7,48,1567,7.57
1720,738.8,1549.7,49,1568,6.27
1721,739.8,1550.7,50,1569,9.44
1722,740.8,1551.7,51,1570,7.18
1723,741.8,1552.7,52,1571,8.23
1724,742.8,1553.7,53,1572,7.2
1725,743.8,1554.7,54,1573,9.85
1726,744.8,1555.7,55,1574,9.29
1727,745.8,1556.7,56,1575,9.15
1728,746.8,1557.7,57,1576,6.34
1729,747.8,1558.7,58,1577,5.8
1730,748.8,1559.7,59,1578,8.64
1731,749.8,1560.7,60,1579,7.64
1732,750.8,1561.7,61,1580,8.29
1733,751.8,1562.7,62,1581,5.9
1734,752.8,1563.7,63,1582,9.55
1735,753.8,1564.7,64,1583,8.53
1736,754.8,1565.7,65,1584,8.21
1737,755.8,1566.7,66,1585,9.15
1738,756.8,1567.7,67,1586,7.64
1739,757.8,1568.7,68,1587,8.67
1740,758.8,1569.7,69,1588,5.96
1741,759.8,1570.7,70,1589,7.02
1742,760.8,1571.7,71,1590,7.47
1743,761.8,1572.7,72,1591,8.51
1744,762.8,1573.7,73,1592,5.22
1745,763.8,1574.7,74,1593,7.41
1746,764.8,1575.7,75,1594,9.81
1747,765.8,1576.7,76,1595,7.47
1748,766.8,1577.7,77,1596,7.76
1749,767.8,1578.7,78,1597,9.8
1750,768.8,1579.7,79,1598,9.29
1751,769.8,1580.7,80,1599,6.31
1752,770.8,1581.7,81,1600,9.19
1753,771.8,1582.7,82,1601,7.12
1754,772.8,1583.7,83,1602,8.37
1755,773.8,1584.7,84,1603,6.3
1756,774.8,1585.7,85,1604,7.37
1757,775.8,1586.7,86,1605,9.31
1758,776.8,1587.7,87,1606,8.78
1759,777.8,1588.7,88,1607,5.18
1760,778.8,1589.7,89,1608,5.62
1761,779.8,1590.7,90,1609,5.26
1762,780.8,1591.7,91,1610,7.17
1763,781.8,1592.7,92,1611,5.65
1764,782.8,1593.7,93,1612,7.65
1765,783.8,1594.7,94,1613,6.05
1766,784.8,1595.7,95,1614,7.08
1767,785.8,1596.7,96,1615,5.27
1768,786.8,1597.7,97,1616,8.63
1769,787.8,1598.7,98,1617,5.98
1770,788.8,1599.7,99,1618,8.53
1771,789.8,1600.7,100,1619,6.1
1772,790.8,1601.7,101,1620,5.9
1773,791.8,1602.7,102,1621,6.66
1774,792.8,1603.7,103,1622,7.94
1775,793.8,1604.7,104,1623,9.44
1776,794.8,1605.7,105,1624,5.96
1777,795.8,1606.7,106,1625,9.43
1778,796.8,1607.7,107,1626,8.49
1779,797.8,1608.7,108,1627,7.68
1780,798.8,1609.7,109,1628,6.2
1781,799.8,1610.7,110,1629,5.67
1782,800.8,1611.7,111,1630,7.68
1783,801.8,1612.7,112,1631,7.41
1784,802.8,1613.7,113,1632,8.94
1785,803.8,1614.7,114,1633,7.74
1786,804.8,1615.7,115,1634,9.49
1787,805.8,1616.7,116,1635,9.38
1788,806.8,1617.7,117,1636,8.13
1789,807.8,1618.7,118,1637,6.94
1790,808.8,1619.7,119,1638,9.49
1791,809.8,1620.7,120,1639,6.18
1792,810.8,1621.7,26,1640,5.13
1793,811.8,1622.7,27,1641,9.59
1794,812.8,1623.7,28,1642,7.77
1795,813.8,1624.7,29,1643,5.97
1796,814.8,1625.7,30,1644,5.31
1797,815.8,1626.7,31,1645,5.15
1798,816.8,1627.7,32,1646,8.87
1799,9.8,1628.7,33,1647,8.94
1800,10.8,1629.7,34,1648,5.39
1801,11.8,1630.7,35,1649,5.27
1802,12.8,1631.7,36,1650,9.48
1803,13.8,1632.7,37,1651,8.27
1804,14.8,1633.7,38,1652,8.74
1805,15.8,1634.7,39,1653,6.93
1806,16.8,1635.7,40,1654,9.32
1807,17.8,1636.7,41,1655,7.56
1808,18.8,1637.7,42,1656,8.7
1809,19.8,1638.7,43,1657,5.97
1810,20.8,1639.7,44,1658,6.98
1811,21.8,1640.7,45,1659,5.28
1812,22.8,1641.7,46,1660,7.85
1813,23.8,1642.7,47,1661,6.58
1814,24.8,1643.7,48,1662,6.02
1815,25.8,1644.7,49,1663,8.75
1816,26.8,1645.7,50,1664,7.15
1817,27.8,1646.7,51,1665,7.93
1818,28.8,1647.7,52,1666,5.17
1819,29.8,1648.7,53,1667,6.57
1820,30.8,1649.7,54,1668,5.34
1821,31.8,1650.7,55,1669,5.46
1822,32.8,1651.7,56,1670,8.58
1823,33.8,1652.7,57,1671,9.04
1824,34.8,1653.7,58,1672,6.4
1825,35.8,1654.7,59,1673,7.43
1826,36.8,1655.7,60,1674,7.86
1827,37.8,1656.7,61,1675,8.5
1828,38.8,1657.7,62,1676,8.85
1829,39.8,1658.7,63,1677,9.7
1830,40.8,1659.7,64,1678,6.21
1831,41.8,1660.7,65,1679,9.18
1832,42.8,1661.7,66,1680,5.77
1833,43.8,1662.7,67,1681,8.12
1834,44.8,1663.7,68,1682,9.22
1835,45.8,1664.7,69,1683,6.42
1836,46.8,1665.7,70,1684,5.4
1837,47.8,1666.7,71,1685,9.71
1838,48.8,1667.7,72,1686,9.23
1839,49.8,1668.7,73,1687,9.28
1840,50.8,1669.7,74,1688,5.99
1841,51.8,1670.7,75,1689,9.54
1842,52.8,1671.7,76,1690,8.94
1843,53.8,1672.7,77,1691,9.63
1844,54.8,1673.7,78,1692,6.01
1845,55.8,1674.7,79,1693,8.03
1846,56.8,1675.7,80,1694,7.01
1847,57.8,1676.7,81,1695,9.5
1848,58.8,1677.7,82,1696,6.56
1849,59.8,1678.7,83,1697,7.48
1850,60.8,1679.7,84,1698,9
1851,61.8,1680.7,85,1699,7.04
1852,62.8,1681.7,86,1700,9.53
1853,63.8,1682.7,87,1701,5.6
1854,64.8,1683.7,88,1702,8.39
1855,65.8,1684.7,89,1703,6.43
1856,66.8,1685.7,90,1704,7.44
1857,67.8,1686.7,91,1705,8.86
1858,68.8,1687.7,92,1706,7.54
1859,69.8,1688.7,93,1707,6.87
1860,70.8,1689.7,94,1708,9.29
1861,71.8,1690.7,95,1709,6.35
1862,72.8,1691.7,96,1710,6.61
1863,73.8,1692.7,97,1711,6.41
1864,74.8,1693.7,98,1712,7.78
1865,75.8,1694.7,99,1713,9.56
1866,76.8,1695.7,100,1714,5.72
1867,77.8,1696.7,101,1715,6.32
1868,78.8,1697.7,102,1716,5.75
1869,79.8,1698.7,103,1717,8.03
1870,80.8,1699.7,104,1718,6.36
1871,81.8,1700.7,105,1719,6.42
1872,82.8,1701.7,106,1720,9.09
1873,83.8,1702.7,107,1721,7.63
1874,84.8,1703.7,108,1722,6.1
1875,85.8,1704.7,109,1723,6.9
1876,86.8,1705.7,110,1724,5.67
1877,87.8,1706.7,111,1725,6.54
1878,88.8,1707.7,112,1726,7.67
1879,89.8,1708.7,113,1727,8.97
1880,90.8,1709.7,114,1728,6.44
1881,91.8,1710.7,115,1729,8.91
1882,92.8,1711.7,116,1730,5.87
1883,93.8,1712.7,117,1731,8.22
1884,94.8,1713.7,118,1732,7.93
1885,95.8,1714.7,119,1733,6.83
1886,96.8,1715.7,120,1734,7.03
1887,97.8,1716.7,26,1735,5.3
1888,98.8,1717.7,27,1736,6.02
1889,99.8,1718.7,28,1737,8.69
1890,100.8,1719.7,29,1738,8.94
1891,101.8,1720.7,30,1739,5.51
1892,102.8,1721.7,31,1740,8.19
1893,103.8,1722.7,32,1741,7.48
1894,104.8,1723.7,33,1742,7.65
1895,105.8,1724.7,34,1743,9.37
1896,106.8,1725.7,35,1744,7.44
1897,107.8,1726.7,36,1745,7.7
1898,108.8,1727.7,37,1746,8.11
1899,109.8,1728.7,38,1747,5.62
1900,110.8,1729.7,39,1748,7.71
1901,111.8,1730.7,40,1749,7.6
1902,112.8,1731.7,41,1750,6.54
1903,113.8,1732.7,42,1751,5.31
1904,114.8,1733.7,43,1752,6.57
1905,115.8,1734.7,44,1753,5.1
1906,116.8,1735.7,45,1754,6.15
1907,117.8,1736.7,46,1755,8.92
1908,118.8,1737.7,47,1756,7.67
1909,119.8,1738.7,48,1757,9.69
1910,120.8,1739.7,49,1758,6
1911,121.8,1740.7,50,1759,7.6
1912,122.8,1741.7,51,1760,8.53
1913,123.8,1742.7,52,1761,5.28
1914,124.8,1743.7,53,1762,9.88
1915,125.8,1744.7,54,1763,5.36
1916,126.8,1745.7,55,1764,8.24
1917,127.8,1746.7,56,1765,7.42
1918,128.8,1747.7,57,1766,8.37
1919,129.8,1748.7,58,1767,7.33
1920,130.8,1749.7,59,1768,6.32
1921,131.8,1750.7,60,1769,8.46
1922,132.8,1751.7,61,1770,7.76
1923,133.8,1752.7,62,1771,7.03
1924,134.8,1753.7,63,1772,9.02
1925,135.8,1754.7,64,1773,5.71
1926,136.8,1755.7,65,1774,9.25
1927,137.8,1756.7,66,1775,7.22
1928,138.8,1757.7,67,1776,5.99
1929,139.8,1758.7,68,1777,9.45
1930,140.8,1759.7,69,1778,6.33
1931,141.8,1760.7,70,1779,6.04
1932,142.8,1761.7,71,1780,7.31
1933,143.8,1762.7,72,1781,6.32
1934,144.8,1763.7,73,1782,8.96
1935,145.8,1764.7,74,1783,6.35
1936,146.8,1765.7,75,1784,9.83
1937,147.8,1766.7,76,1785,6.21
1938,148.8,1767.7,77,1786,7.57
1939,149.8,1768.7,78,1787,6.58
1940,150.8,1769.7,79,1788,7.53
1941,151.8,1770.7,80,1789,5.33
1942,152.8,1771.7,81,1790,5.19
1943,153.8,1772.7,82,1791,7.01
1944,154.8,1773.7,83,1792,5.98
1945,155.8,1774.7,84,1793,6.74
1946,156.8,1775.7,85,1794,6.56
1947,157.8,1776.7,86,1795,7.79
1948,158.8,1777.7,87,1796,7.08
1949,159.8,1778.7,88,1797,6.46
1950,160.8,1779.7,89,1798,9.6
1951,161.8,1780.7,90,1799,5.99
1952,162.8,1781.7,91,1800,6.25
1953,163.8,1782.7,92,1801,5.42
1954,164.8,1783.7,93,1802,7.9
1955,165.8,1784.7,94,1803,8.69
1956,166.8,1785.7,95,1804,5.65
1957,167.8,1786.7,96,1805,9.87
1958,168.8,1787.7,97,1806,5.52
1959,169.8,1788.7,98,1807,7.84
1960,170.8,1789.7,99,1808,8.37
1961,171.8,1790.7,100,1809,9.52
1962,172.8,1791.7,101,1810,9
1963,173.8,1792.7,102,1811,9.6
1964,174.8,1793.7,103,1812,6.36
1965,175.8,1794.7,104,1813,6.47
1966,176.8,1795.7,105,1814,8.07
1967,177.8,1796.7,106,1815,9.46
1968,178.8,1797.7,107,1816,7.88
1969,179.8,1798.7,108,1817,5.83
1970,180.8,1799.7,109,1818,6.57
1971,181.8,1800.7,110,1819,7.41
1972,182.8,1801.7,111,1820,5.38
1973,183.8,1802.7,112,1821,7.69
1974,184.8,1803.7,113,1822,8.66
1975,185.8,1804.7,114,1823,6.46
1976,186.8,1805.7,115,1824,9.9
1977,187.8,1806.7,116,1825,9.72
1978,188.8,1807.7,117,1826,8.83
1979,189.8,1808.7,118,1827,6.69
1980,190.8,1809.7,119,1828,9.4
1981,191.8,1810.7,120,1829,5.3
1982,192.8,1811.7,26,1830,8.64
1983,193.8,1812.7,27,1831,7.28
1984,194.8,1813.7,28,1832,9.32
1985,195.8,1814.7,29,1833,6.34
1986,196.8,1815.7,30,1834,8.3
1987,197.8,1816.7,31,1835,6.95
1988,198.8,1817.7,32,1836,7.63
1989,199.8,1818.7,33,1837,6.2
1990,200.8,1819.7,34,1838,9.56
1991,201.8,1820.7,35,1839,7.68
1992,202.8,1821.7,36,1840,7.83
1993,203.8,1822.7,37,1841,5.22
1994,204.8,1823.7,38,1842,8.16
1995,205.8,1824.7,39,1843,9.35
1996,206.8,1825.7,40,1844,5.23
1997,207.8,1826.7,41,1845,6.53
1998,208.8,1827.7,42,1846,7.83
1999,209.8,1828.7,43,1847,5.18
2000,210.8,1829.7,44,1848,5.49
2001,211.8,1830.7,45,1849,9.75
2002,212.8,1831.7,46,1850,5.11
2003,213.8,1832.7,47,1851,8.7
2004,214.8,1833.7,48,1852,8.47
2005,215.8,1834.7,49,1853,6.65
2006,216.8,1835.7,50,1854,5.39
2007,217.8,1836.7,51,1855,5.48
2008,218.8,1837.7,52,1856,8.79
2009,219.8,1838.7,53,1857,7.35
2010,220.8,1839.7,54,1858,8.02
2011,221.8,1840.7,55,1859,8.33
2012,222.8,1841.7,56,1860,7.24
2013,223.8,1842.7,57,1861,7.36
2014,224.8,1843.7,58,1862,9.78
2015,225.8,1844.7,59,1863,7.69
2016,226.8,1845.7,60,1864,6.18
2017,227.8,1846.7,61,1865,8.44
2018,228.8,1847.7,62,1866,8.03
2019,229.8,1848.7,63,1867,5.39
2020,230.8,1849.7,64,1868,6.54
2021,231.8,1850.7,65,1869,7.47
2022,232.8,1851.7,66,1870,7.6
2023,233.8,1852.7,67,1871,9.35
2024,234.8,1853.7,68,1872,9.49
2025,235.8,1854.7,69,1873,5.48
2026,236.8,1855.7,70,1874,9.73
2027,237.8,1856.7,71,1875,7.92
2028,238.8,1857.7,72,1876,9.48
2029,239.8,1858.7,73,1877,5.29
2030,240.8,1859.7,74,1878,7.58
2031,241.8,1860.7,75,1879,9.19
2032,242.8,1861.7,76,1880,9.57
2033,243.8,1862.7,77,1881,6.62
2034,244.8,1863.7,78,1882,7
2035,245.8,1864.7,79,1883,7.08
2036,246.8,1865.7,80,1884,8.52
2037,247.8,1866.7,81,1885,6.27
2038,248.8,1867.7,82,1886,7.6
2039,249.8,1868.7,83,1887,8.19
2040,250.8,1869.7,84,1888,5.51
2041,251.8,1870.7,85,1889,5.47
2042,252.8,1871.7,86,1890,9.53
2043,253.8,1872.7,87,1891,9.25
2044,254.8,1873.7,88,1892,9.75
2045,255.8,1874.7,89,1893,9.32
2046,256.8,1875.7,90,1894,8.05
2047,257.8,1876.7,91,1895,9.17
2048,258.8,1877.7,92,1896,6.26
2049,259.8,1878.7,93,1897,8.63
2050,260.8,1879.7,94,1898,7.35
2051,261.8,1880.7,95,1899,7.2
2052,262.8,1881.7,96,1900,6.48
2053,263.8,1882.7,97,1901,6.74
2054,264.8,1883.7,98,1902,5.13
2055,265.8,1884.7,99,1903,5.38
2056,266.8,1885.7,100,1904,8.47
2057,267.8,1886.7,101,1905,5.54
2058,268.8,1887.7,102,1906,8.34
2059,269.8,1888.7,103,1907,8.72
2060,270.8,1889.7,104,1908,7.17
2061,271.8,1890.7,105,1909,9.44
2062,272.8,1891.7,106,1910,7.14
2063,273.8,1892.7,107,1911,8.59
2064,274.8,1893.7,108,1912,9.16
2065,275.8,1894.7,109,1913,7.69
2066,276.8,1895.7,110,1914,8.19
2067,277.8,1896.7,111,1915,9.79
2068,278.8,1897.7,112,1916,8.61
2069,279.8,1898.7,113,1917,7.53
2070,280.8,1899.7,114,1918,7.74
2071,281.8,1900.7,115,1919,8.98
2072,282.8,1901.7,116,1920,7.85
2073,283.8,1902.7,117,1921,6.55
2074,284.8,1903.7,118,1922,8.47
2075,285.8,1904.7,119,1923,5.44
2076,286.8,1905.7,120,1924,8.04
2077,287.8,1906.7,26,1925,7
2078,288.8,1907.7,27,1926,8.75
2079,289.8,1908.7,28,1927,5.74
2080,290.8,1909.7,29,1928,6.89
2081,291.8,1910.7,30,1929,7.62
2082,292.8,1911.7,31,1930,6.46
2083,293.8,1912.7,32,1931,6.19
2084,294.8,1913.7,33,1932,7.07
2085,295.8,1914.7,34,1933,7.19
2086,296.8,1915.7,35,1934,6.53
2087,297.8,1916.7,36,1935,7.12
2088,298.8,1917.7,37,1936,7.67
2089,299.8,1918.7,38,1937,7.52
2090,300.8,1919.7,39,1938,8.57
2091,301.8,1920.7,40,1939,7.86
2092,302.8,1921.7,41,1940,9.29
2093,303.8,1922.7,42,1941,9.6
2094,304.8,1923.7,43,1942,9.29
2095,305.8,1924.7,44,1943,5.93
2096,306.8,1925.7,45,1944,7.41
2097,307.8,1926.7,46,1945,5.97
2098,308.8,1927.7,47,1946,7.59
2099,309.8,1928.7,48,1947,7.47
2100,310.8,1929.7,49,1948,8.67
2101,311.8,1930.7,50,1949,7.7
2102,312.8,1931.7,51,1950,6.23
2103,313.8,1932.7,52,1951,7.75
2104,314.8,1933.7,53,1952,6.67
2105,315.8,1934.7,54,1953,9.08
2106,316.8,1935.7,55,1954,9.46
2107,317.8,1936.7,56,1955,6.81
2108,318.8,1937.7,57,1956,6
2109,319.8,1938.7,58,1957,7.96
2110,320.8,1939.7,59,1958,8.41
2111,321.8,1940.7,60,1959,5.49
2112,322.8,1941.7,61,1960,5.82
2113,323.8,1942.7,62,1961,5.41
2114,324.8,1943.7,63,1962,6.64
2115,325.8,1944.7,64,1963,9.37
2116,326.8,1945.7,65,1964,8.28
2117,327.8,1946.7,66,1965,6.93
2118,328.8,1947.7,67,1966,5.71
2119,329.8,1948.7,68,1967,6.34
2120,330.8,1949.7,69,1968,8.28
2121,331.8,1950.7,70,1969,8.46
2122,332.8,1951.7,71,1970,5.52
2123,333.8,1952.7,72,1971,8.51
2124,334.8,1953.7,73,1972,9.06
2125,335.8,1954.7,74,1973,6.52
2126,336.8,1955.7,75,1974,5.19
2127,337.8,1956.7,76,1975,9.83
2128,338.8,1957.7,77,1976,7.22
2129,339.8,1958.7,78,1977,7.32
2130,340.8,1959.7,79,1978,5.79
2131,341.8,1960.7,80,1979,7.02
2132,342.8,1961.7,81,1980,9.55
2133,343.8,1962.7,82,1981,8.13
2134,344.8,1963.7,83,1982,9.64
2135,345.8,1964.7,84,1983,5.11
2136,346.8,1965.7,85,1984,7.19
2137,347.8,1966.7,86,1985,8.83
2138,348.8,1967.7,87,1986,8.87
2139,349.8,1968.7,88,1987,7.53
2140,350.8,1969.7,89,1988,8.77
2141,351.8,1970.7,90,1989,7.61
2142,352.8,1971.7,91,1990,8.5
2143,353.8,1972.7,92,1991,8.87
2144,354.8,1973.7,93,1992,6.52
2145,355.8,1974.7,94,1993,8.93
2146,356.8,1975.7,95,1994,8.3
2147,357.8,1976.7,96,1995,9.68
2148,358.8,1977.7,97,1996,5.56
2149,359.8,1978.7,98,1997,5.57
2150,360.8,1979.7,99,1998,5.62
2151,361.8,1980.7,100,1999,9.47
2152,362.8,1981.7,101,2000,8.56
2153,363.8,1982.7,102,2001,9.66
2154,364.8,1983.7,103,2002,6.48
2155,365.8,1984.7,104,2003,8.19
2156,366.8,1985.7,105,2004,7.45
2157,367.8,1986.7,106,2005,8.46
2158,368.8,1987.7,107,2006,9.21
2159,369.8,1988.7,108,2007,6.44
2160,370.8,1989.7,109,2008,5.21
2161,371.8,1990.7,110,2009,5.32
2162,372.8,1991.7,111,2010,8.67
2163,373.8,1992.7,112,2011,7.91
2164,374.8,1993.7,113,2012,7.91
2165,375.8,1994.7,114,2013,6.41
2166,376.8,1995.7,115,2014,5.68
2167,377.8,1996.7,116,2015,7.49
2168,378.8,1997.7,117,2016,5.13
2169,379.8,1998.7,118,2017,8.85
2170,380.8,1999.7,119,2018,7.8
2171,381.8,2000.7,120,2019,6.07
2172,382.8,2001.7,26,2020,6.63
2173,383.8,2002.7,27,2021,8.31
2174,384.8,2003.7,28,2022,9.78
2175,385.8,2004.7,29,2023,6.41
2176,386.8,2005.7,30,2024,6.72
2177,387.8,2006.7,31,2025,9.52
2178,388.8,2007.7,32,2026,6.17
